rank,Ticker,Date,Value,r63,rs_percentile,eligible_price,selected_top_decile,target_weight
1,MRNA,2026-08-28,137.99000549316406,1.9315913827876514,1.0,True,True,0.05
2,DD,2026-08-28,136.97999572753906,1.847207375046246,0.9990697674418605,True,True,0.05
3,OKTA,2026-08-28,166.22999572753906,1.2928275272764007,0.998139534883721,True,True,0.05
4,TEAM,2026-08-28,190.4149932861328,1.0411082797453357,0.9972093023255814,True,True,0.05
5,ABCL,2026-08-28,11.350000381469727,0.9808028523017296,0.9962790697674418,True,True,0.05
6,IOVA,2026-08-28,8.010000228881836,0.8627906682750495,0.9953488372093023,True,True,0.05
7,CHYM,2026-08-28,33.20000076293945,0.8342541471396145,0.9944186046511628,True,True,0.05
8,CRL,2026-08-28,291.5,0.8244406893162401,0.9934883720930232,True,True,0.05
9,NWL,2026-08-28,6.170000076293945,0.762857164655413,0.9925581395348837,True,True,0.05
10,DFTX,2026-08-28,40.97999954223633,0.745315176370452,0.9916279069767442,True,True,0.05
11,NET,2026-08-28,299.8399963378906,0.7413322033021157,0.9906976744186047,True,True,0.05
12,SN,2026-08-28,191.22999572753906,0.7069534750622379,0.9897674418604652,True,True,0.05
13,EAT,2026-08-28,230.19000244140625,0.6752055622343371,0.9888372093023255,True,True,0.05
14,CORT,2026-08-28,113.87999725341797,0.6653992662704544,0.987906976744186,True,True,0.05
15,CCC,2026-08-28,7.489999771118164,0.6212121118292568,0.9869767441860465,True,True,0.05
16,ILMN,2026-08-28,215.58999633789062,0.6033763615427241,0.986046511627907,True,True,0.05
17,WDAY,2026-08-28,204.72000122070312,0.5937719430479493,0.9851162790697674,True,True,0.05
18,ZBRA,2026-08-28,356.45001220703125,0.5915788601597702,0.9841860465116279,True,True,0.05
19,PATH,2026-08-28,18.149999618530273,0.567357490337665,0.9832558139534884,True,True,0.05
20,AXON,2026-08-28,600.72998046875,0.561919875584191,0.9823255813953489,True,True,0.05
21,MANH,2026-08-28,223.27999877929688,0.5594357466192583,0.9813953488372092,True,True,0.0
22,IQV,2026-08-28,261.75,0.5451594417408783,0.9804651162790697,True,True,0.0
23,DELL,2026-08-28,456.239990234375,0.5439593578151438,0.9795348837209302,True,True,0.0
24,EXPE,2026-08-28,329.44000244140625,0.5425387046098016,0.9786046511627907,True,True,0.0
25,THC,2026-08-28,266.79998779296875,0.5404156610504867,0.9776744186046512,True,True,0.0
26,HALO,2026-08-28,105.3499984741211,0.5330325466056967,0.9767441860465116,True,True,0.0
27,NTRA,2026-08-28,326.260009765625,0.5250070395553113,0.9758139534883721,True,True,0.0
28,VEEV,2026-08-28,276.69000244140625,0.5201912575796177,0.9748837209302326,True,True,0.0
29,ZETA,2026-08-28,30.540000915527344,0.5133796062279752,0.9739534883720931,True,True,0.0
30,TECH,2026-08-28,72.3499984741211,0.505723197146654,0.9730232558139534,True,True,0.0
31,CIB,2026-08-28,97.23999786376953,0.500533969112321,0.9720930232558139,True,True,0.0
32,GKOS,2026-08-28,179.8699951171875,0.49604915657531246,0.9711627906976744,True,True,0.0
33,BULL,2026-08-28,9.369999885559082,0.4802527643749457,0.9702325581395349,True,True,0.0
34,DINO,2026-08-28,99.70999908447266,0.46979298025148175,0.9693023255813954,True,True,0.0
35,DASH,2026-08-28,236.74000549316406,0.45713057004025504,0.9683720930232558,True,True,0.0
36,MPC,2026-08-28,368.8299865722656,0.44963250084381223,0.9674418604651163,True,True,0.0
37,GWRE,2026-08-28,205.85000610351562,0.4483219519568782,0.9665116279069768,True,True,0.0
38,U,2026-08-28,43.310001373291016,0.4465598063040992,0.9655813953488372,True,True,0.0
39,SLS,2026-08-28,13.210000038146973,0.43899777766881276,0.9646511627906976,True,True,0.0
40,PANW,2026-08-28,371.5899963378906,0.43349276517252355,0.9637209302325581,True,True,0.0
41,VLO,2026-08-28,352.3599853515625,0.43238680601491364,0.9627906976744186,True,True,0.0
42,ABNB,2026-08-28,189.42999267578125,0.42815133856646304,0.9618604651162791,True,True,0.0
43,W,2026-08-28,103.76000213623047,0.42625432489663884,0.9609302325581396,True,True,0.0
44,NOW,2026-08-28,144.7100067138672,0.42459149542589336,0.96,True,True,0.0
45,CRM,2026-08-28,256.0,0.42024965325936203,0.9590697674418605,True,True,0.0
46,YPF,2026-08-28,50.20000076293945,0.4184798425744798,0.958139534883721,True,True,0.0
47,KVYO,2026-08-28,20.149999618530273,0.4180154514030454,0.9572093023255814,True,True,0.0
48,NTNX,2026-08-28,69.16000366210938,0.41692279689125233,0.9562790697674418,True,True,0.0
49,TOST,2026-08-28,35.150001525878906,0.40825331791559805,0.9553488372093023,True,True,0.0
50,EGO,2026-08-28,45.47999954223633,0.4038297347734874,0.9544186046511628,True,True,0.0
51,MEDP,2026-08-28,600.6500244140625,0.3997577425795864,0.9534883720930233,True,True,0.0
52,HPE,2026-08-28,52.310001373291016,0.39791565828303144,0.9525581395348838,True,True,0.0
53,LPLA,2026-08-28,370.69000244140625,0.3954217994125033,0.9516279069767442,True,True,0.0
54,PAYO,2026-08-28,7.110000133514404,0.39411769930741736,0.9506976744186046,True,True,0.0
55,TMO,2026-08-28,622.1799926757812,0.3938035624873695,0.9497674418604651,True,True,0.0
56,GPC,2026-08-28,137.50999450683594,0.3937764991148789,0.9488372093023256,True,True,0.0
57,JHX,2026-08-28,29.93000030517578,0.39338924315729784,0.947906976744186,True,True,0.0
58,HRB,2026-08-28,52.47999954223633,0.3853162878004046,0.9469767441860465,True,True,0.0
59,RYAN,2026-08-28,43.869998931884766,0.38423276160180797,0.946046511627907,True,True,0.0
60,PSX,2026-08-28,244.00999450683594,0.38147533126507915,0.9451162790697675,True,True,0.0
61,MDB,2026-08-28,446.6199951171875,0.3713461224552521,0.9441860465116279,True,True,0.0
62,SNOW,2026-08-28,328.0,0.3712374756884811,0.9432558139534883,True,True,0.0
63,OSCR,2026-08-28,30.469999313354492,0.3645319936166602,0.9423255813953488,True,True,0.0
64,DBX,2026-08-28,35.70000076293945,0.36311569434735147,0.9413953488372093,True,True,0.0
65,PLTR,2026-08-28,186.2899932861328,0.36027745481832896,0.9404651162790698,True,True,0.0
66,FSLY,2026-08-28,23.040000915527344,0.36009446216992536,0.9395348837209302,True,True,0.0
67,BAX,2026-08-28,26.1299991607666,0.3521344439415208,0.9386046511627907,True,True,0.0
68,NTAP,2026-08-28,187.02000427246094,0.3516912651593962,0.9376744186046512,True,True,0.0
69,DLTR,2026-08-28,128.25999450683594,0.3506739231614875,0.9367441860465117,True,True,0.0
70,BHP,2026-08-28,95.1500015258789,0.35002833419301127,0.935813953488372,True,True,0.0
71,RVMD,2026-08-28,207.8800048828125,0.3443704217713497,0.9348837209302325,True,True,0.0
72,RVTY,2026-08-28,128.8000030517578,0.3425757682757147,0.933953488372093,True,True,0.0
73,BBY,2026-08-28,82.44000244140625,0.34168773457330714,0.9330232558139535,True,True,0.0
74,A,2026-08-28,153.83999633789062,0.33948627237078344,0.932093023255814,True,True,0.0
75,CDW,2026-08-28,147.69000244140625,0.3391666821166195,0.9311627906976744,True,True,0.0
76,WTW,2026-08-28,343.75,0.33562577814667693,0.9302325581395349,True,True,0.0
77,FROG,2026-08-28,98.73999786376953,0.3345046724500482,0.9293023255813954,True,True,0.0
78,J,2026-08-28,151.97999572753906,0.325715252413568,0.9283720930232559,True,True,0.0
79,RBRK,2026-08-28,93.05000305175781,0.3232366816777248,0.9274418604651162,True,True,0.0
80,JLL,2026-08-28,378.010009765625,0.32319385136161505,0.9265116279069767,True,True,0.0
81,USFD,2026-08-28,107.2699966430664,0.3218730083308474,0.9255813953488372,True,True,0.0
82,PAYX,2026-08-28,127.04000091552734,0.31606756989594054,0.9246511627906977,True,True,0.0
83,COMP,2026-08-28,10.970000267028809,0.31220104276761784,0.9237209302325582,True,True,0.0
84,HUBS,2026-08-28,260.67999267578125,0.3112675486625265,0.9227906976744186,True,True,0.0
85,ROP,2026-08-28,426.20001220703125,0.30884748277546414,0.9218604651162791,True,True,0.0
86,AJG,2026-08-28,267.55999755859375,0.30679627800158715,0.9209302325581395,True,True,0.0
87,IOT,2026-08-28,41.15999984741211,0.3037694091001253,0.92,True,True,0.0
88,DT,2026-08-28,53.66999816894531,0.30235378212292674,0.9190697674418604,True,True,0.0
89,PAG,2026-08-28,217.00999450683594,0.29897442707806254,0.9181395348837209,True,True,0.0
90,ATI,2026-08-28,210.75999450683594,0.2986629073010427,0.9172093023255814,True,True,0.0
91,SE,2026-08-28,119.36000061035156,0.2982379534568773,0.9162790697674419,True,True,0.0
92,BBVA,2026-08-28,29.0,0.29291873814596814,0.9153488372093024,True,True,0.0
93,LH,2026-08-28,335.1099853515625,0.2925633446303848,0.9144186046511628,True,True,0.0
94,TGT,2026-08-28,163.17999267578125,0.2916962741281939,0.9134883720930232,True,True,0.0
95,DOCU,2026-08-28,64.0,0.290843034215325,0.9125581395348837,True,True,0.0
96,ARES,2026-08-28,142.52999877929688,0.2897995896489012,0.9116279069767442,True,True,0.0
97,ABT,2026-08-28,112.47000122070312,0.28942394024887275,0.9106976744186046,True,True,0.0
98,TWLO,2026-08-28,237.77999877929688,0.2880822909938596,0.9097674418604651,True,True,0.0
99,BDX,2026-08-28,189.52000427246094,0.2854478747296192,0.9088372093023256,True,True,0.0
100,LYFT,2026-08-28,17.700000762939453,0.28075261604877944,0.9079069767441861,True,True,0.0
101,INCY,2026-08-28,124.37000274658203,0.28005349998853557,0.9069767441860465,True,True,0.0
102,SWK,2026-08-28,97.80000305175781,0.27901664468262166,0.906046511627907,True,True,0.0
103,P,2026-08-28,93.4000015258789,0.2787513739751788,0.9051162790697674,True,True,0.0
104,ADP,2026-08-28,287.4800109863281,0.2774618715030104,0.9041860465116279,True,True,0.0
105,SJM,2026-08-28,132.33999633789062,0.27642743005744497,0.9032558139534884,True,True,0.0
106,SW,2026-08-28,48.290000915527344,0.27582570309862287,0.9023255813953488,True,True,0.0
107,AMGN,2026-08-28,432.4200134277344,0.275819896270757,0.9013953488372093,True,True,0.0
108,BRO,2026-08-28,73.30999755859375,0.2727430468862069,0.9004651162790698,True,True,0.0
109,BKNG,2026-08-28,205.6300048828125,0.2717546031167226,0.8995348837209303,True,False,0.0
110,NMR,2026-08-28,10.300000190734863,0.2700370686519713,0.8986046511627906,True,False,0.0
111,TGB,2026-08-28,9.180000305175781,0.2697095824284914,0.8976744186046511,True,False,0.0
112,ANET,2026-08-28,195.3800048828125,0.26960819843862405,0.8967441860465116,True,False,0.0
113,TRI,2026-08-28,106.2249984741211,0.2688126723038402,0.8958139534883721,True,False,0.0
114,MTD,2026-08-28,1398.5799560546875,0.267955187838786,0.8948837209302326,True,False,0.0
115,SSNC,2026-08-28,83.41999816894531,0.26690234192146023,0.893953488372093,True,False,0.0
116,SHOP,2026-08-28,152.89999389648438,0.26646226824363994,0.8930232558139535,True,False,0.0
117,EMBJ,2026-08-28,72.54000091552734,0.26418337697428873,0.892093023255814,True,False,0.0
118,ONC,2026-08-28,366.7300109863281,0.26206217885939775,0.8911627906976745,True,False,0.0
119,IP,2026-08-28,39.310001373291016,0.2605419928328705,0.8902325581395348,True,False,0.0
120,GPN,2026-08-28,91.81999969482422,0.2563023468836527,0.8893023255813953,True,False,0.0
121,SHG,2026-08-28,79.1500015258789,0.256149875167192,0.8883720930232558,True,False,0.0
122,ZS,2026-08-28,184.22999572753906,0.2533504921605496,0.8874418604651163,True,False,0.0
123,CACI,2026-08-28,628.2000122070312,0.25301686358676223,0.8865116279069768,True,False,0.0
124,DHR,2026-08-28,216.07000732421875,0.2526160957738386,0.8855813953488372,True,False,0.0
125,STT,2026-08-28,193.3300018310547,0.25238069538248875,0.8846511627906977,True,False,0.0
126,DXCM,2026-08-28,90.81999969482422,0.2519126333605999,0.8837209302325582,True,False,0.0
127,GFL,2026-08-28,42.83000183105469,0.2499512104321615,0.8827906976744186,True,False,0.0
128,HUM,2026-08-28,385.5400085449219,0.24992703286439788,0.881860465116279,True,False,0.0
129,REGN,2026-08-28,794.1900024414062,0.2486871136960882,0.8809302325581395,True,False,0.0
130,GEN,2026-08-28,31.020000457763672,0.2485410068451901,0.88,True,False,0.0
131,VRTX,2026-08-28,541.6900024414062,0.2452357193648449,0.8790697674418605,True,False,0.0
132,FTNT,2026-08-28,166.0,0.2443311833811248,0.878139534883721,True,False,0.0
133,ICLR,2026-08-28,170.02000427246094,0.2428362608159771,0.8772093023255814,True,False,0.0
134,DGX,2026-08-28,242.75999450683594,0.24208849246339437,0.8762790697674419,True,False,0.0
135,SEIC,2026-08-28,111.62999725341797,0.24028451775307236,0.8753488372093023,True,False,0.0
136,EQH,2026-08-28,50.20000076293945,0.23873542632808697,0.8744186046511628,True,False,0.0
137,IT,2026-08-28,198.38999938964844,0.23742400228265592,0.8734883720930232,True,False,0.0
138,CRBG,2026-08-28,32.61000061035156,0.23689733742376107,0.8725581395348837,True,False,0.0
139,BTG,2026-08-28,5.659999847412109,0.23658701035034824,0.8716279069767442,True,False,0.0
140,AMP,2026-08-28,559.3200073242188,0.23657186762597848,0.8706976744186047,True,False,0.0
141,BMNR,2026-08-28,23.799999237060547,0.23636359673041807,0.8697674418604651,True,False,0.0
142,MICC,2026-08-28,20.18000030517578,0.23199031374256407,0.8688372093023256,True,False,0.0
143,GIS,2026-08-28,41.54999923706055,0.2296536878152995,0.867906976744186,True,False,0.0
144,GMAB,2026-08-28,33.22999954223633,0.22892005980497077,0.8669767441860465,True,False,0.0
145,HOOD,2026-08-28,104.26000213623047,0.2289015397996501,0.866046511627907,True,False,0.0
146,KB,2026-08-28,124.16000366210938,0.22869866316099574,0.8651162790697674,True,False,0.0
147,FIG,2026-08-28,28.81999969482422,0.22847403322786808,0.8641860465116279,True,False,0.0
148,MSFT,2026-08-28,513.530029296875,0.22805595591030525,0.8632558139534884,True,False,0.0
149,CART,2026-08-28,50.540000915527344,0.2261038189912319,0.8623255813953489,True,False,0.0
150,FCX,2026-08-28,76.44999694824219,0.22574953114452367,0.8613953488372093,True,False,0.0
151,LNG,2026-08-28,282.3299865722656,0.22502089009100934,0.8604651162790697,True,False,0.0
152,DEO,2026-08-28,92.98999786376953,0.22287226645813885,0.8595348837209302,True,False,0.0
153,BMRN,2026-08-28,64.66500091552734,0.2228630788458521,0.8586046511627907,True,False,0.0
154,ARGX,2026-08-28,1023.2100219726562,0.22030081919838818,0.8576744186046512,True,False,0.0
155,BR,2026-08-28,183.63999938964844,0.2190248211451591,0.8567441860465116,True,False,0.0
156,WSM,2026-08-28,235.08999633789062,0.21820914883740095,0.8558139534883721,True,False,0.0
157,JKHY,2026-08-28,169.72999572753906,0.21801211548893495,0.8548837209302326,True,False,0.0
158,WAT,2026-08-28,414.69000244140625,0.21667059880585327,0.8539534883720931,True,False,0.0
159,HPQ,2026-08-28,30.520000457763672,0.21617857313597244,0.8530232558139534,True,False,0.0
160,PYPL,2026-08-28,53.65999984741211,0.21553968265901458,0.8520930232558139,True,False,0.0
161,MRK,2026-08-28,148.35000610351562,0.2152863641713081,0.8511627906976744,True,False,0.0
162,MRSH,2026-08-28,192.63999938964844,0.21437838599034675,0.8502325581395349,True,False,0.0
163,SCHW,2026-08-28,110.16000366210938,0.21401814255600526,0.8493023255813954,True,False,0.0
164,CTSH,2026-08-28,64.04000091552734,0.213798388037294,0.8483720930232558,True,False,0.0
165,GH,2026-08-28,161.5,0.21228042726441587,0.8474418604651163,True,False,0.0
166,IVZ,2026-08-28,32.86000061035156,0.21209885173534238,0.8465116279069768,True,False,0.0
167,TYL,2026-08-28,377.94000244140625,0.21181222433100677,0.8455813953488373,True,False,0.0
168,CCK,2026-08-28,118.44000244140625,0.2110559694646199,0.8446511627906976,True,False,0.0
169,CVNA,2026-08-28,74.04000091552734,0.20992255155956618,0.8437209302325581,True,False,0.0
170,APH,2026-08-28,157.74000549316406,0.20868931911697453,0.8427906976744186,True,False,0.0
171,ALLE,2026-08-28,157.47999572753906,0.20771494741074514,0.8418604651162791,True,False,0.0
172,AMCR,2026-08-28,46.66999816894531,0.20656664427948268,0.8409302325581396,True,False,0.0
173,MSI,2026-08-28,486.0,0.20583562350195717,0.84,True,False,0.0
174,BX,2026-08-28,142.38999938964844,0.20394016598626563,0.8390697674418605,True,False,0.0
175,MU,2026-08-28,932.8599853515625,0.20347287937993808,0.838139534883721,True,False,0.0
176,ALL,2026-08-28,260.5799865722656,0.20265836883001276,0.8372093023255814,True,False,0.0
177,NWSA,2026-08-28,30.969999313354492,0.20248496690040918,0.8362790697674418,True,False,0.0
178,SAN,2026-08-28,14.670000076293945,0.20152657028225995,0.8353488372093023,True,False,0.0
179,RGA,2026-08-28,245.5399932861328,0.20033240231048022,0.8344186046511628,True,False,0.0
180,TRV,2026-08-28,369.8999938964844,0.20029206959840073,0.8334883720930233,True,False,0.0
181,BAC,2026-08-28,62.31999969482422,0.19984600197462377,0.8325581395348837,True,False,0.0
182,EXPD,2026-08-28,190.97000122070312,0.19940962037796783,0.8316279069767442,True,False,0.0
183,SAIL,2026-08-28,19.829999923706055,0.1981873618036536,0.8306976744186046,True,False,0.0
184,WF,2026-08-28,73.33000183105469,0.1970291191679452,0.8297674418604651,True,False,0.0
185,CFR,2026-08-28,161.69000244140625,0.1956666978469681,0.8288372093023256,True,False,0.0
186,ROKU,2026-08-28,157.6750030517578,0.19532255836825008,0.827906976744186,True,False,0.0
187,SOLV,2026-08-28,91.12000274658203,0.19493811590817112,0.8269767441860465,True,False,0.0
188,RTX,2026-08-28,211.7100067138672,0.19417887774291964,0.826046511627907,True,False,0.0
189,ADBE,2026-08-28,291.5199890136719,0.19411781912513204,0.8251162790697675,True,False,0.0
190,MA,2026-08-28,595.2999877929688,0.1921259317040831,0.8241860465116279,True,False,0.0
191,EFX,2026-08-28,194.35000610351562,0.18970375475868062,0.8232558139534883,True,False,0.0
192,AU,2026-08-28,113.19000244140625,0.18959538230402262,0.8223255813953488,True,False,0.0
193,EL,2026-08-28,103.38999938964844,0.189416114579678,0.8213953488372093,True,False,0.0
194,MFG,2026-08-28,10.640000343322754,0.1888268793378196,0.8204651162790698,True,False,0.0
195,DE,2026-08-28,630.3300170898438,0.1881361567595179,0.8195348837209302,True,False,0.0
196,SONY,2026-08-28,24.850000381469727,0.18785852250685053,0.8186046511627907,True,False,0.0
197,IAG,2026-08-28,20.59000015258789,0.18605987492364018,0.8176744186046512,True,False,0.0
198,PR,2026-08-28,22.700000762939453,0.18497984864629768,0.8167441860465117,True,False,0.0
199,MUFG,2026-08-28,22.899999618530273,0.18468699994385518,0.815813953488372,True,False,0.0
200,FUTU,2026-08-28,124.26000213623047,0.18444378799607053,0.8148837209302325,True,False,0.0
201,RJF,2026-08-28,179.36000061035156,0.18389439346766712,0.813953488372093,True,False,0.0
202,RGLD,2026-08-28,262.8500061035156,0.18322065603997495,0.8130232558139535,True,False,0.0
203,CAG,2026-08-28,16.09000015258789,0.182653487244667,0.812093023255814,True,False,0.0
204,FNV,2026-08-28,266.1600036621094,0.18249236887366838,0.8111627906976744,True,False,0.0
205,CCEP,2026-08-28,109.0999984741211,0.18214321586127058,0.8102325581395349,True,False,0.0
206,NWG,2026-08-28,18.3799991607666,0.18076590756859212,0.8093023255813954,True,False,0.0
207,WTS,2026-08-28,366.3399963378906,0.1800073567199174,0.8083720930232559,True,False,0.0
208,GRMN,2026-08-28,285.19000244140625,0.17998262054941994,0.8074418604651162,True,False,0.0
209,CTAS,2026-08-28,204.17999267578125,0.1796856396794102,0.8065116279069767,True,False,0.0
210,NWS,2026-08-28,34.849998474121094,0.17915743915651494,0.8055813953488372,True,False,0.0
211,CPAY,2026-08-28,407.8800048828125,0.17896009662852497,0.8046511627906977,True,False,0.0
212,WPM,2026-08-28,153.3300018310547,0.17878151396048736,0.8037209302325582,True,False,0.0
213,ABBV,2026-08-28,255.47999572753906,0.1765409781519891,0.8027906976744186,True,False,0.0
214,OMC,2026-08-28,88.27999877929688,0.17612578804553314,0.8018604651162791,True,False,0.0
215,IFF,2026-08-28,87.94999694824219,0.17219776594892267,0.8009302325581396,True,False,0.0
216,ASML,2026-08-28,1696.1600341796875,0.17186788663997654,0.8,True,False,0.0
217,CAH,2026-08-28,234.5500030517578,0.17163694585801514,0.7990697674418604,True,False,0.0
218,KSPI,2026-08-28,106.29000091552734,0.17093844901647737,0.7981395348837209,True,False,0.0
219,UBS,2026-08-28,54.900001525878906,0.16908012342852907,0.7972093023255814,True,False,0.0
220,BNS,2026-08-28,92.38999938964844,0.16869028429986055,0.7962790697674419,True,False,0.0
221,MCK,2026-08-28,893.3900146484375,0.16804386653564718,0.7953488372093023,True,False,0.0
222,BNY,2026-08-28,162.5,0.16750243978804824,0.7944186046511628,True,False,0.0
223,HMC,2026-08-28,31.860000610351562,0.16746059148074277,0.7934883720930233,True,False,0.0
224,ERIE,2026-08-28,260.3999938964844,0.16718954178630563,0.7925581395348837,True,False,0.0
225,TX,2026-08-28,54.84000015258789,0.16705678216049868,0.7916279069767442,True,False,0.0
226,COR,2026-08-28,322.0299987792969,0.16662740053609038,0.7906976744186046,True,False,0.0
227,JPM,2026-08-28,357.6199951171875,0.1663296615098706,0.7897674418604651,True,False,0.0
228,CMG,2026-08-28,38.029998779296875,0.16388322053110005,0.7888372093023256,True,False,0.0
229,DG,2026-08-28,122.88999938964844,0.16351066269618397,0.7879069767441861,True,False,0.0
230,SMFG,2026-08-28,25.920000076293945,0.162853253103185,0.7869767441860465,True,False,0.0
231,UHAL-B,2026-08-28,60.43000030517578,0.1627180101498611,0.786046511627907,True,False,0.0
232,AEM,2026-08-28,206.25,0.1617576087568442,0.7851162790697674,True,False,0.0
233,ROIV,2026-08-28,34.709999084472656,0.16164658833217094,0.7841860465116279,True,False,0.0
234,UHAL,2026-08-28,68.58999633789062,0.16155795468398004,0.7832558139534884,True,False,0.0
235,BSY,2026-08-28,37.29999923706055,0.16069059989767664,0.7823255813953488,True,False,0.0
236,RNR,2026-08-28,330.739990234375,0.15951157458672882,0.7813953488372093,True,False,0.0
237,MDT,2026-08-28,91.2300033569336,0.15891770759958246,0.7804651162790698,True,False,0.0
238,HL,2026-08-28,20.3799991607666,0.15861279044777254,0.7795348837209303,True,False,0.0
239,OC,2026-08-28,143.1300048828125,0.15840360763399008,0.7786046511627907,True,False,0.0
240,ING,2026-08-28,35.2400016784668,0.15753033347573853,0.7776744186046511,True,False,0.0
241,V,2026-08-28,381.6000061035156,0.1566615528846309,0.7767441860465116,True,False,0.0
242,BXP,2026-08-28,69.31999969482422,0.156296894289236,0.7758139534883721,True,False,0.0
243,MKC,2026-08-28,55.33000183105469,0.15608025753111776,0.7748837209302326,True,False,0.0
244,KKR,2026-08-28,108.68000030517578,0.15549412527294626,0.773953488372093,True,False,0.0
245,RMD,2026-08-28,240.3300018310547,0.155418800303881,0.7730232558139535,True,False,0.0
246,UNP,2026-08-28,307.4100036621094,0.15443978982828388,0.772093023255814,True,False,0.0
247,IBKR,2026-08-28,95.83999633789062,0.15433841078029675,0.7711627906976745,True,False,0.0
248,CR,2026-08-28,207.0,0.15322000805539693,0.7702325581395348,True,False,0.0
249,MKC-V,2026-08-28,54.86090087890625,0.15282184701679036,0.7693023255813953,True,False,0.0
250,RIO,2026-08-28,103.30000305175781,0.1503340706148868,0.7683720930232558,True,False,0.0
251,IBN,2026-08-28,29.8799991607666,0.150115461402913,0.7674418604651163,True,False,0.0
252,FWONK,2026-08-28,101.80000305175781,0.1495032278473598,0.7665116279069767,True,False,0.0
253,EHC,2026-08-28,120.8499984741211,0.14917981907440825,0.7655813953488372,True,False,0.0
254,PRU,2026-08-28,119.79000091552734,0.14818363666385803,0.7646511627906977,True,False,0.0
255,COF,2026-08-28,215.6699981689453,0.14769978913045412,0.7637209302325582,True,False,0.0
256,PH,2026-08-28,995.02001953125,0.14667991648338918,0.7627906976744186,True,False,0.0
257,CBRE,2026-08-28,150.82000732421875,0.1466586233098799,0.761860465116279,True,False,0.0
258,CQP,2026-08-28,68.91000366210938,0.1463183695226249,0.7609302325581395,True,False,0.0
259,PCAR,2026-08-28,125.33999633789062,0.14486657375456313,0.76,True,False,0.0
260,JNJ,2026-08-28,268.0400085449219,0.14363736979166664,0.7590697674418605,True,False,0.0
261,EQNR,2026-08-28,41.38999938964844,0.14342121334078173,0.7581395348837209,True,False,0.0
262,MCO,2026-08-28,514.9500122070312,0.14341866275052872,0.7572093023255814,True,False,0.0
263,GFI,2026-08-28,45.959999084472656,0.14243101186766283,0.7562790697674419,True,False,0.0
264,MT,2026-08-28,74.38999938964844,0.14165124629829196,0.7553488372093023,True,False,0.0
265,BCS,2026-08-28,26.860000610351562,0.1398106987018144,0.7544186046511628,True,False,0.0
266,COO,2026-08-28,71.16999816894531,0.13963166212130274,0.7534883720930232,True,False,0.0
267,DB,2026-08-28,40.36000061035156,0.13946930256302004,0.7525581395348837,True,False,0.0
268,OWL,2026-08-28,12.020000457763672,0.13933651568269934,0.7516279069767442,True,False,0.0
269,MMM,2026-08-28,174.33999633789062,0.13932813664982135,0.7506976744186047,True,False,0.0
270,SUN,2026-08-28,74.6500015258789,0.138910662001698,0.7497674418604651,True,False,0.0
271,USB,2026-08-28,62.470001220703125,0.1381981075180989,0.7488372093023256,True,False,0.0
272,COKE,2026-08-28,198.49000549316406,0.13803093675585476,0.747906976744186,True,False,0.0
273,PAA,2026-08-28,25.479999542236328,0.13668707375908862,0.7469767441860465,True,False,0.0
274,ECL,2026-08-28,286.75,0.13667893583693513,0.746046511627907,True,False,0.0
275,CDE,2026-08-28,21.1299991607666,0.13663254369716182,0.7451162790697674,True,False,0.0
276,WFC,2026-08-28,86.69000244140625,0.13661998501329564,0.7441860465116279,True,False,0.0
277,HIMS,2026-08-28,28.84000015258789,0.1363278607656495,0.7432558139534884,True,False,0.0
278,FAST,2026-08-28,49.779998779296875,0.136140598871358,0.7423255813953489,True,False,0.0
279,VLTO,2026-08-28,98.55999755859375,0.1360073205604,0.7413953488372093,True,False,0.0
280,UNM,2026-08-28,93.05000305175781,0.13519414111841876,0.7404651162790697,True,False,0.0
281,WAB,2026-08-28,292.2300109863281,0.13470855335870202,0.7395348837209302,True,False,0.0
282,MET,2026-08-28,96.51000213623047,0.13427752453067598,0.7386046511627907,True,False,0.0
283,BPOP,2026-08-28,169.75,0.13358630485197653,0.7376744186046512,True,False,0.0
284,EMR,2026-08-28,155.17999267578125,0.13352811975374612,0.7367441860465116,True,False,0.0
285,BALL,2026-08-28,63.77000045776367,0.1330846098245131,0.7358139534883721,True,False,0.0
286,CVE,2026-08-28,31.579999923706055,0.13253786477577179,0.7348837209302326,True,False,0.0
287,VG,2026-08-28,14.180000305175781,0.13233977973426025,0.7339534883720931,True,False,0.0
288,HSBC,2026-08-28,103.52999877929688,0.13051409422386495,0.7330232558139534,True,False,0.0
289,CNA,2026-08-28,49.310001373291016,0.13004555301050535,0.7320930232558139,True,False,0.0
290,GE,2026-08-28,342.5799865722656,0.1274638027591859,0.7311627906976744,True,False,0.0
291,SSB,2026-08-28,105.9800033569336,0.1271492477982632,0.7302325581395349,True,False,0.0
292,NDSN,2026-08-28,324.5899963378906,0.12591483130540904,0.7293023255813953,True,False,0.0
293,BIIB,2026-08-28,218.5,0.12573738955567548,0.7283720930232558,True,False,0.0
294,SF,2026-08-28,81.29000091552734,0.12530530495008563,0.7274418604651163,True,False,0.0
295,XYZ,2026-08-28,83.56999969482422,0.124008088902817,0.7265116279069768,True,False,0.0
296,CSX,2026-08-28,51.279998779296875,0.1239451787243151,0.7255813953488373,True,False,0.0
297,PKG,2026-08-28,240.38999938964844,0.12342276936829766,0.7246511627906976,True,False,0.0
298,PINS,2026-08-28,23.190000534057617,0.12300246791520886,0.7237209302325581,True,False,0.0
299,TIGO,2026-08-28,93.37999725341797,0.12298218560474727,0.7227906976744186,True,False,0.0
300,LDOS,2026-08-28,140.66000366210938,0.12294428599107121,0.7218604651162791,True,False,0.0
301,WES,2026-08-28,48.29999923706055,0.12218977390564478,0.7209302325581395,True,False,0.0
302,AEG,2026-08-28,9.1899995803833,0.12216036656599183,0.72,True,False,0.0
303,INTU,2026-08-28,358.05999755859375,0.12149594349521142,0.7190697674418605,True,False,0.0
304,RPRX,2026-08-28,60.849998474121094,0.12142389080427396,0.718139534883721,True,False,0.0
305,ARXS,2026-08-28,52.470001220703125,0.12043560045108404,0.7172093023255814,True,False,0.0
306,AIZ,2026-08-28,285.6499938964844,0.12041575726896214,0.7162790697674418,True,False,0.0
307,FTI,2026-08-28,75.83999633789062,0.12023633318435167,0.7153488372093023,True,False,0.0
308,MFC,2026-08-28,42.7599983215332,0.12008147844303618,0.7144186046511628,True,False,0.0
309,BEKE,2026-08-28,18.31999969482422,0.11980434054705924,0.7134883720930233,True,False,0.0
310,RACE,2026-08-28,420.5400085449219,0.11969223496428638,0.7125581395348837,True,False,0.0
311,VRSK,2026-08-28,191.77000427246094,0.11923665443695564,0.7116279069767442,True,False,0.0
312,BBIO,2026-08-28,76.5999984741211,0.11906503855714479,0.7106976744186047,True,False,0.0
313,MELI,2026-08-28,1966.25,0.11872577587521116,0.7097674418604651,True,False,0.0
314,SAP,2026-08-28,221.5399932861328,0.11840016305907697,0.7088372093023256,True,False,0.0
315,GIB,2026-08-28,74.7699966430664,0.11829498194057275,0.707906976744186,True,False,0.0
316,OCTV,2026-08-28,19.850000381469727,0.11768018725523843,0.7069767441860465,True,False,0.0
317,FWONA,2026-08-28,93.41999816894531,0.11746411332607942,0.706046511627907,True,False,0.0
318,SCCO,2026-08-28,209.8000030517578,0.11744342504265148,0.7051162790697675,True,False,0.0
319,EC,2026-08-28,16.5,0.11712928155848323,0.7041860465116279,True,False,0.0
320,BMY,2026-08-28,66.58000183105469,0.11674311549453686,0.7032558139534884,True,False,0.0
321,AYI,2026-08-28,335.1600036621094,0.11670313928922016,0.7023255813953488,True,False,0.0
322,CNH,2026-08-28,11.680000305175781,0.11663482433838834,0.7013953488372093,True,False,0.0
323,TAK,2026-08-28,18.030000686645508,0.1164087376174392,0.7004651162790698,True,False,0.0
324,ADT,2026-08-28,7.539999961853027,0.11635944505254314,0.6995348837209302,True,False,0.0
325,BEN,2026-08-28,34.650001525878906,0.11594210554831452,0.6986046511627907,True,False,0.0
326,INSM,2026-08-28,118.54000091552734,0.11577563346273756,0.6976744186046512,True,False,0.0
327,ET,2026-08-28,21.309999465942383,0.11567400075592693,0.6967441860465117,True,False,0.0
328,RELX,2026-08-28,36.540000915527344,0.11564413033552912,0.695813953488372,True,False,0.0
329,SHW,2026-08-28,344.8599853515625,0.1154200662004694,0.6948837209302325,True,False,0.0
330,GEHC,2026-08-28,71.7249984741211,0.11512746912983496,0.693953488372093,True,False,0.0
331,AVY,2026-08-28,177.75,0.11483942096226829,0.6930232558139535,True,False,0.0
332,MTB,2026-08-28,237.2899932861328,0.11477023680226939,0.6920930232558139,True,False,0.0
333,NTRS,2026-08-28,186.7899932861328,0.11436581987455052,0.6911627906976744,True,False,0.0
334,DPZ,2026-08-28,350.0,0.1133023556331616,0.6902325581395349,True,False,0.0
335,AHR,2026-08-28,55.529998779296875,0.11174062255035833,0.6893023255813954,True,False,0.0
336,ITW,2026-08-28,280.1000061035156,0.11150796072823654,0.6883720930232559,True,False,0.0
337,PTEN,2026-08-28,12.430000305175781,0.10990095553089829,0.6874418604651162,True,False,0.0
338,AWK,2026-08-28,138.3000030517578,0.10906179981031139,0.6865116279069767,True,False,0.0
339,CNI,2026-08-28,126.01000213623047,0.10905097158226873,0.6855813953488372,True,False,0.0
340,NSC,2026-08-28,348.67999267578125,0.1088214785682573,0.6846511627906977,True,False,0.0
341,KDP,2026-08-28,32.18000030517578,0.10831756412232196,0.6837209302325581,True,False,0.0
342,TECK,2026-08-28,69.33999633789062,0.10812809737690898,0.6827906976744186,True,False,0.0
343,TXRH,2026-08-28,198.99000549316406,0.10809270789511904,0.6818604651162791,True,False,0.0
344,HMY,2026-08-28,20.229999542236328,0.10788605085768532,0.6809302325581396,True,False,0.0
345,DCI,2026-08-28,91.88999938964844,0.10614665927656275,0.68,True,False,0.0
346,UMBF,2026-08-28,144.5850067138672,0.10554211801311153,0.6790697674418604,True,False,0.0
347,OVV,2026-08-28,64.58999633789062,0.1053634531558767,0.6781395348837209,True,False,0.0
348,BSAC,2026-08-28,35.13999938964844,0.10503145385913615,0.6772093023255814,True,False,0.0
349,HLN,2026-08-28,10.109999656677246,0.10493566139205113,0.6762790697674419,True,False,0.0
350,PHM,2026-08-28,128.5500030517578,0.10480855436370473,0.6753488372093023,True,False,0.0
351,EXK,2026-08-28,10.760000228881836,0.10472284206702542,0.6744186046511628,True,False,0.0
352,IEX,2026-08-28,230.27999877929688,0.10451337096274993,0.6734883720930233,True,False,0.0
353,LLY,2026-08-28,1174.6099853515625,0.10417464181816016,0.6725581395348837,True,False,0.0
354,CNC,2026-08-28,64.75,0.10410093775398921,0.6716279069767442,True,False,0.0
355,APA,2026-08-28,42.540000915527344,0.10393151898206643,0.6706976744186046,True,False,0.0
356,LECO,2026-08-28,284.8949890136719,0.10353587711904977,0.6697674418604651,True,False,0.0
357,WELL,2026-08-28,238.07000732421875,0.10304408703370571,0.6688372093023256,True,False,0.0
358,GD,2026-08-28,379.32000732421875,0.10302749662246824,0.6679069767441861,True,False,0.0
359,KMB,2026-08-28,109.55000305175781,0.10298933754446282,0.6669767441860465,True,False,0.0
360,LYG,2026-08-28,5.920000076293945,0.1029886613333495,0.666046511627907,True,False,0.0
361,IR,2026-08-28,78.58000183105469,0.10256777791920157,0.6651162790697674,True,False,0.0
362,NLY,2026-08-28,23.040000915527344,0.10238093956112992,0.6641860465116279,True,False,0.0
363,KO,2026-08-28,89.66000366210938,0.10160958759649219,0.6632558139534884,True,False,0.0
364,GL,2026-08-28,172.7899932861328,0.10123956935992728,0.6623255813953488,True,False,0.0
365,PGR,2026-08-28,218.63999938964844,0.10118356096249248,0.6613953488372093,True,False,0.0
366,CFG,2026-08-28,69.70999908447266,0.10108983687183493,0.6604651162790698,True,False,0.0
367,AON,2026-08-28,355.3999938964844,0.101059530455887,0.6595348837209303,True,False,0.0
368,QSR,2026-08-28,78.26000213623047,0.10097702004378717,0.6586046511627907,True,False,0.0
369,PNC,2026-08-28,242.22000122070312,0.10048731208972539,0.6576744186046511,True,False,0.0
370,FITB,2026-08-28,54.540000915527344,0.10004031668602997,0.6567441860465116,True,False,0.0
371,UAL,2026-08-28,110.5999984741211,0.09995022493624472,0.6558139534883721,True,False,0.0
372,B,2026-08-28,45.650001525878906,0.09960260621517714,0.6548837209302325,True,False,0.0
373,LYV,2026-08-28,181.64999389648438,0.0984459046984929,0.653953488372093,True,False,0.0
374,MGM,2026-08-28,42.279998779296875,0.09675744788732565,0.6530232558139535,True,False,0.0
375,ALC,2026-08-28,72.01000213623047,0.09671029728841618,0.652093023255814,True,False,0.0
376,ZION,2026-08-28,67.77999877929688,0.09632726060901398,0.6511627906976745,True,False,0.0
377,PS,2026-08-28,42.16999816894531,0.09602116966566965,0.6502325581395348,True,False,0.0
378,NU,2026-08-28,14.300000190734863,0.09578543921305571,0.6493023255813953,True,False,0.0
379,SLF,2026-08-28,78.76000213623047,0.095562704199595,0.6483720930232558,True,False,0.0
380,EPD,2026-08-28,39.02000045776367,0.09521921496465469,0.6474418604651163,True,False,0.0
381,TSCO,2026-08-28,34.720001220703125,0.09509545195559932,0.6465116279069767,True,False,0.0
382,VOD,2026-08-28,16.040000915527344,0.09442346477807373,0.6455813953488372,True,False,0.0
383,CP,2026-08-28,94.12000274658203,0.0934942461349646,0.6446511627906977,True,False,0.0
384,FCNCA,2026-08-28,2194.070068359375,0.09324690429664151,0.6437209302325582,True,False,0.0
385,URI,2026-08-28,1030.25,0.09318464820381722,0.6427906976744187,True,False,0.0
386,RNW,2026-08-28,6.820000171661377,0.0929487855476765,0.641860465116279,True,False,0.0
387,BNTX,2026-08-28,102.07499694824219,0.09241218194799083,0.6409302325581395,True,False,0.0
388,NDAQ,2026-08-28,99.30999755859375,0.09120237595947223,0.64,True,False,0.0
389,ARMK,2026-08-28,58.18000030517578,0.09114779891537261,0.6390697674418605,True,False,0.0
390,KVUE,2026-08-28,19.170000076293945,0.09106433746501752,0.6381395348837209,True,False,0.0
391,MOH,2026-08-28,200.0,0.09101817819808189,0.6372093023255814,True,False,0.0
392,MAS,2026-08-28,73.25,0.09092268466981923,0.6362790697674419,True,False,0.0
393,UBER,2026-08-28,78.81999969482422,0.0907832461203959,0.6353488372093024,True,False,0.0
394,TRU,2026-08-28,85.66999816894531,0.09064283692638475,0.6344186046511628,True,False,0.0
395,GM,2026-08-28,86.2699966430664,0.09023126042557816,0.6334883720930232,True,False,0.0
396,GILD,2026-08-28,145.67999267578125,0.08944055747754831,0.6325581395348837,True,False,0.0
397,BSBR,2026-08-28,5.809999942779541,0.0884646599366723,0.6316279069767442,True,False,0.0
398,ARCC,2026-08-28,19.950000762939453,0.0877143467430277,0.6306976744186047,True,False,0.0
399,RF,2026-08-28,30.329999923706055,0.08670727658632837,0.6297674418604651,True,False,0.0
400,SYF,2026-08-28,78.05000305175781,0.08613974935751068,0.6288372093023256,True,False,0.0
401,EXEL,2026-08-28,54.45000076293945,0.08574275386296093,0.627906976744186,True,False,0.0
402,NG,2026-08-28,8.75,0.08560788392813934,0.6269767441860465,True,False,0.0
403,CIEN,2026-08-28,378.44000244140625,0.08528818237241031,0.626046511627907,True,False,0.0
404,BCH,2026-08-28,41.630001068115234,0.08524505750089206,0.6251162790697674,True,False,0.0
405,ONB,2026-08-28,25.850000381469727,0.08363853409286715,0.6241860465116279,True,False,0.0
406,CG,2026-08-28,49.09000015258789,0.08304803902277436,0.6232558139534884,True,False,0.0
407,RY,2026-08-28,204.22999572753906,0.08300719654633104,0.6223255813953489,True,False,0.0
408,TRMB,2026-08-28,61.0099983215332,0.08298569828767599,0.6213953488372093,True,False,0.0
409,CLH,2026-08-28,310.7099914550781,0.08291501782372412,0.6204651162790698,True,False,0.0
410,COP,2026-08-28,130.35000610351562,0.08259629936501245,0.6195348837209302,True,False,0.0
411,DJT,2026-08-28,9.635000228881836,0.08258434178145935,0.6186046511627907,True,False,0.0
412,CLX,2026-08-28,102.52999877929688,0.08233922881828315,0.6176744186046511,True,False,0.0
413,SCI,2026-08-28,83.36000061035156,0.08220677766764828,0.6167441860465116,True,False,0.0
414,BLK,2026-08-28,1164.47998046875,0.08190373102555504,0.6158139534883721,True,False,0.0
415,ADSK,2026-08-28,260.6600036621094,0.08130710530971585,0.6148837209302326,True,False,0.0
416,CNQ,2026-08-28,48.9900016784668,0.08084891822824214,0.6139534883720931,True,False,0.0
417,XRAY,2026-08-28,11.119999885559082,0.08066082864752389,0.6130232558139534,True,False,0.0
418,TROW,2026-08-28,111.23999786376953,0.07979034642354899,0.6120930232558139,True,False,0.0
419,RCL,2026-08-28,279.4100036621094,0.07946997224249142,0.6111627906976744,True,False,0.0
420,CMCSA,2026-08-28,27.059999465942383,0.07916245832928293,0.6102325581395349,True,False,0.0
421,BAP,2026-08-28,368.3999938964844,0.0787701138989294,0.6093023255813953,True,False,0.0
422,NUE,2026-08-28,250.5,0.07857911733046286,0.6083720930232558,True,False,0.0
423,PFE,2026-08-28,27.959999084472656,0.07828352521986282,0.6074418604651163,True,False,0.0
424,TD,2026-08-28,121.25,0.07690350939189106,0.6065116279069768,True,False,0.0
425,GDDY,2026-08-28,97.69999694824219,0.07688066785816128,0.6055813953488373,True,False,0.0
426,SYY,2026-08-28,81.94000244140625,0.07617550693789932,0.6046511627906976,True,False,0.0
427,FOX,2026-08-28,61.31999969482422,0.07574231256754471,0.6037209302325581,True,False,0.0
428,FIVE,2026-08-28,241.88999938964844,0.07554471300245624,0.6027906976744186,True,False,0.0
429,KHC,2026-08-28,25.700000762939453,0.07463933845192372,0.6018604651162791,True,False,0.0
430,STE,2026-08-28,233.77999877929688,0.07415915932232853,0.6009302325581395,True,False,0.0
431,ARWR,2026-08-28,84.91000366210938,0.07413030213945393,0.6,True,False,0.0
432,AR,2026-08-28,38.45000076293945,0.07372240403256414,0.5990697674418605,True,False,0.0
433,SNY,2026-08-28,44.81999969482422,0.07368272916393481,0.598139534883721,True,False,0.0
434,FOXA,2026-08-28,68.41999816894531,0.07107071109765761,0.5972093023255814,True,False,0.0
435,SUZ,2026-08-28,8.899999618530273,0.07099869664516678,0.5962790697674418,True,False,0.0
436,BAM,2026-08-28,52.119998931884766,0.07053022839924483,0.5953488372093023,True,False,0.0
437,HTHT,2026-08-28,47.81999969482422,0.06979863263160246,0.5944186046511628,True,False,0.0
438,BMO,2026-08-28,171.86000061035156,0.06934334081989646,0.5934883720930233,True,False,0.0
439,SKM,2026-08-28,39.34000015258789,0.06902176543985794,0.5925581395348837,True,False,0.0
440,AGNC,2026-08-28,10.899999618530273,0.06832857455184937,0.5916279069767442,True,False,0.0
441,PFG,2026-08-28,111.41000366210938,0.06816874786497662,0.5906976744186047,True,False,0.0
442,CSL,2026-08-28,356.5299987792969,0.0680947028686707,0.5897674418604651,True,False,0.0
443,WCN,2026-08-28,165.92999267578125,0.0679068897766737,0.5888372093023255,True,False,0.0
444,KGC,2026-08-28,31.270000457763672,0.06759984569296074,0.587906976744186,True,False,0.0
445,FMS,2026-08-28,23.100000381469727,0.06746770023106774,0.5869767441860465,True,False,0.0
446,SNA,2026-08-28,391.8599853515625,0.06718587855368674,0.586046511627907,True,False,0.0
447,AER,2026-08-28,147.49000549316406,0.06684608016854265,0.5851162790697675,True,False,0.0
448,AFRM,2026-08-28,77.76000213623047,0.06520550871548592,0.5841860465116279,True,False,0.0
449,AXP,2026-08-28,333.20001220703125,0.06509828282709051,0.5832558139534884,True,False,0.0
450,RSG,2026-08-28,222.11000061035156,0.06491821839505962,0.5823255813953488,True,False,0.0
451,WST,2026-08-28,337.4700012207031,0.06484282128700158,0.5813953488372093,True,False,0.0
452,APD,2026-08-28,308.0899963378906,0.06480265513691297,0.5804651162790697,True,False,0.0
453,SPG,2026-08-28,214.55999755859375,0.06468552965769314,0.5795348837209302,True,False,0.0
454,PPG,2026-08-28,114.22000122070312,0.06434327561113351,0.5786046511627907,True,False,0.0
455,SOFI,2026-08-28,18.059999465942383,0.06423100746563493,0.5776744186046512,True,False,0.0
456,CHTR,2026-08-28,153.6199951171875,0.06399771382384101,0.5767441860465117,True,False,0.0
457,HAS,2026-08-28,94.2300033569336,0.06342402333676866,0.575813953488372,True,False,0.0
458,SPOT,2026-08-28,547.510009765625,0.06325010131238495,0.5748837209302325,True,False,0.0
459,LMT,2026-08-28,563.8499755859375,0.06313573853501353,0.573953488372093,True,False,0.0
460,EG,2026-08-28,377.6099853515625,0.06309113844137326,0.5730232558139535,True,False,0.0
461,DRI,2026-08-28,215.6300048828125,0.06255701321578755,0.5720930232558139,True,False,0.0
462,WBD,2026-08-28,28.770000457763672,0.06201551479191458,0.5711627906976744,True,False,0.0
463,HBAN,2026-08-28,16.920000076293945,0.06181359464946534,0.5702325581395349,True,False,0.0
464,NVR,2026-08-28,6396.27001953125,0.0611249516503678,0.5693023255813954,True,False,0.0
465,MS,2026-08-28,214.77000427246094,0.06077597687076075,0.5683720930232559,True,False,0.0
466,KOF,2026-08-28,112.58000183105469,0.06065821235855129,0.5674418604651162,True,False,0.0
467,PTC,2026-08-28,157.14999389648438,0.06055229755324931,0.5665116279069767,True,False,0.0
468,TOL,2026-08-28,146.22000122070312,0.06035087820244778,0.5655813953488372,True,False,0.0
469,VMC,2026-08-28,274.510009765625,0.059485351598042246,0.5646511627906977,True,False,0.0
470,DOC,2026-08-28,20.959999084472656,0.059388387471442705,0.5637209302325581,True,False,0.0
471,BRK-A,2026-08-28,757985.0,0.05914121230752034,0.5627906976744186,True,False,0.0
472,CVX,2026-08-28,201.86000061035156,0.058798883151046866,0.5618604651162791,True,False,0.0
473,WDS,2026-08-28,23.059999465942383,0.05876945541520162,0.5609302325581396,True,False,0.0
474,SPGI,2026-08-28,442.8900146484375,0.05855780286866241,0.56,True,False,0.0
475,ICE,2026-08-28,162.3300018310547,0.05807589472330532,0.5590697674418604,True,False,0.0
476,MRVL,2026-08-28,216.6199951171875,0.05782080869552009,0.5581395348837209,True,False,0.0
477,HCA,2026-08-28,417.82000732421875,0.05777217044106009,0.5572093023255814,True,False,0.0
478,BRK-B,2026-08-28,505.0,0.05776881110251231,0.5562790697674419,True,False,0.0
479,C,2026-08-28,132.89999389648438,0.05753159730152424,0.5553488372093023,True,False,0.0
480,AFG,2026-08-28,143.6199951171875,0.05729035730902665,0.5544186046511628,True,False,0.0
481,RIVN,2026-08-28,16.06999969482422,0.05723683529448298,0.5534883720930233,True,False,0.0
482,AMAT,2026-08-28,461.6700134277344,0.05694891021029358,0.5525581395348838,True,False,0.0
483,ACN,2026-08-28,189.61000061035156,0.05661746355470698,0.5516279069767441,True,False,0.0
484,EW,2026-08-28,90.20999908447266,0.05570511768553543,0.5506976744186046,True,False,0.0
485,HD,2026-08-28,330.19000244140625,0.054633762247215056,0.5497674418604651,True,False,0.0
486,BPYPP,2026-08-28,16.3700008392334,0.05454515295496676,0.5488372093023256,True,False,0.0
487,CHD,2026-08-28,101.26000213623047,0.0536118832084016,0.5479069767441861,True,False,0.0
488,BJ,2026-08-28,90.5999984741211,0.05348835435024535,0.5469767441860465,True,False,0.0
489,HEI,2026-08-28,336.5299987792969,0.05343394409568525,0.546046511627907,True,False,0.0
490,TEVA,2026-08-28,36.439998626708984,0.05287483340321253,0.5451162790697675,True,False,0.0
491,SBUX,2026-08-28,107.8499984741211,0.05219510706459607,0.5441860465116279,True,False,0.0
492,DDOG,2026-08-28,236.97999572753906,0.052122136157252585,0.5432558139534883,True,False,0.0
493,CZR,2026-08-28,29.729999542236328,0.05183089277279174,0.5423255813953488,True,False,0.0
494,CTVA,2026-08-28,83.9000015258789,0.05154320075709218,0.5413953488372093,True,False,0.0
495,AME,2026-08-28,236.25,0.051355048468434195,0.5404651162790698,True,False,0.0
496,CM,2026-08-28,114.33000183105469,0.05107609409018865,0.5395348837209303,True,False,0.0
497,MOS,2026-08-28,23.600000381469727,0.050756960973573184,0.5386046511627907,True,False,0.0
498,MOG-A,2026-08-28,374.6600036621094,0.050381951737659136,0.5376744186046511,True,False,0.0
499,GGG,2026-08-28,79.29000091552734,0.049918700418999595,0.5367441860465116,True,False,0.0
500,AMH,2026-08-28,33.540000915527344,0.04976162702539422,0.5358139534883721,True,False,0.0
501,RDDT,2026-08-28,153.0,0.04931076443175275,0.5348837209302325,True,False,0.0
502,TRGP,2026-08-28,287.82000732421875,0.048887624513398675,0.533953488372093,True,False,0.0
503,APO,2026-08-28,135.0399932861328,0.04730875391055278,0.5330232558139535,True,False,0.0
504,ADM,2026-08-28,81.54000091552734,0.04726432412442749,0.532093023255814,True,False,0.0
505,CRDO,2026-08-28,232.75,0.04677307673039888,0.5311627906976745,True,False,0.0
506,BF-A,2026-08-28,27.75,0.04668645748561451,0.5302325581395348,True,False,0.0
507,DIS,2026-08-28,108.0999984741211,0.04651726018056479,0.5293023255813953,True,False,0.0
508,YUMC,2026-08-28,45.02000045776367,0.04600370585777602,0.5283720930232558,True,False,0.0
509,AIT,2026-08-28,322.2200012207031,0.0458632381796511,0.5274418604651163,True,False,0.0
510,SMCI,2026-08-28,37.08000183105469,0.0456853578231311,0.5265116279069767,True,False,0.0
511,PNFP,2026-08-28,101.08999633789062,0.0454673384660651,0.5255813953488372,True,False,0.0
512,FLUT,2026-08-28,101.77999877929688,0.04518383292236616,0.5246511627906977,True,False,0.0
513,UPS,2026-08-28,105.33000183105469,0.044992348276132965,0.5237209302325582,True,False,0.0
514,DAL,2026-08-28,80.06999969482422,0.0438013381625979,0.5227906976744187,True,False,0.0
515,ITT,2026-08-28,202.99000549316406,0.04302394905353513,0.521860465116279,True,False,0.0
516,SPG-PJ,2026-08-28,55.4900016784668,0.042796058781630064,0.5209302325581395,True,False,0.0
517,TFC,2026-08-28,50.43000030517578,0.04161931945770547,0.52,True,False,0.0
518,VTR,2026-08-28,91.80999755859375,0.040457839769395765,0.5190697674418605,True,False,0.0
519,SU,2026-08-28,65.43000030517578,0.040343316505472515,0.5181395348837209,True,False,0.0
520,LITE,2026-08-28,895.0,0.03994795040537147,0.5172093023255814,True,False,0.0
521,SYK,2026-08-28,330.69000244140625,0.03987293571396222,0.5162790697674419,True,False,0.0
522,CF,2026-08-28,125.79000091552734,0.03973717537117327,0.5153488372093024,True,False,0.0
523,GWW,2026-08-28,1306.300048828125,0.03970010278265157,0.5144186046511627,True,False,0.0
524,BF-B,2026-08-28,27.219999313354492,0.03893124124858249,0.5134883720930232,True,False,0.0
525,EWBC,2026-08-28,129.44000244140625,0.038011271925944445,0.5125581395348837,True,False,0.0
526,FIGR,2026-08-28,36.04999923706055,0.038007478036932385,0.5116279069767442,True,False,0.0
527,HBM,2026-08-28,29.290000915527344,0.03782699391660915,0.5106976744186047,True,False,0.0
528,PFGC,2026-08-28,100.8499984741211,0.03744470140860079,0.5097674418604651,True,False,0.0
529,NLY-PG,2026-08-28,25.575000762939453,0.03559175552969118,0.5088372093023256,True,False,0.0
530,CHKP,2026-08-28,138.32000732421875,0.035096926364099,0.5079069767441861,True,False,0.0
531,VZ,2026-08-28,50.099998474121094,0.034375906960296465,0.5069767441860465,True,False,0.0
532,TTWO,2026-08-28,235.38999938964844,0.034246236451870304,0.5060465116279069,True,False,0.0
533,CB,2026-08-28,339.9200134277344,0.03385927724611837,0.5051162790697674,True,False,0.0
534,SNX,2026-08-28,253.97000122070312,0.033512482274338895,0.5041860465116279,True,False,0.0
535,ELS,2026-08-28,63.7400016784668,0.03301372606964059,0.5032558139534884,True,False,0.0
536,AAPL,2026-08-28,319.70001220703125,0.0329898293800206,0.5023255813953489,True,False,0.0
537,EQX,2026-08-28,12.989999771118164,0.03259140301261021,0.5013953488372093,True,False,0.0
538,OGN,2026-08-28,13.760000228881836,0.032216289442816404,0.5004651162790698,True,False,0.0
539,GS,2026-08-28,1033.989990234375,0.03213732138156056,0.49953488372093025,True,False,0.0
540,PDD,2026-08-28,85.69000244140625,0.032036657849170425,0.4986046511627907,True,False,0.0
541,MDGL,2026-08-28,533.760009765625,0.031898851039105613,0.49767441860465117,True,False,0.0
542,ESS,2026-08-28,284.0299987792969,0.031860745122908485,0.4967441860465116,True,False,0.0
543,WMS,2026-08-28,136.99000549316406,0.03148248211319227,0.4958139534883721,True,False,0.0
544,CRS,2026-08-28,476.42999267578125,0.03121140798977806,0.4948837209302326,True,False,0.0
545,DKNG,2026-08-28,25.260000228881836,0.029759458695561847,0.493953488372093,True,False,0.0
546,JBS,2026-08-28,13.59000015258789,0.028766094878393433,0.4930232558139535,True,False,0.0
547,RS,2026-08-28,387.5899963378906,0.02874780317163017,0.49209302325581394,True,False,0.0
548,TM,2026-08-28,194.47999572753906,0.028559307405281897,0.49116279069767443,True,False,0.0
549,WTRG,2026-08-28,41.099998474121094,0.02827113382304991,0.49023255813953487,True,False,0.0
550,PBA,2026-08-28,48.0099983215332,0.027891304750861767,0.48930232558139536,True,False,0.0
551,ZBH,2026-08-28,100.91000366210938,0.027875116035898984,0.4883720930232558,True,False,0.0
552,IHG,2026-08-28,162.3800048828125,0.027461476721414746,0.4874418604651163,True,False,0.0
553,MGA,2026-08-28,65.86000061035156,0.027086478629279487,0.4865116279069767,True,False,0.0
554,T,2026-08-28,26.010000228881836,0.027048349271712846,0.4855813953488372,True,False,0.0
555,CHT,2026-08-28,42.9900016784668,0.027040443421314064,0.4846511627906977,True,False,0.0
556,TW,2026-08-28,108.87000274658203,0.02657497917686724,0.48372093023255813,True,False,0.0
557,PSA,2026-08-28,313.510009765625,0.026202532707714887,0.4827906976744186,True,False,0.0
558,BP,2026-08-28,42.150001525878906,0.02592059571781391,0.48186046511627906,True,False,0.0
559,ACGL,2026-08-28,98.83999633789062,0.025320724454170662,0.48093023255813955,True,False,0.0
560,ETN,2026-08-28,402.7799987792969,0.025146360489421538,0.48,True,False,0.0
561,HWM,2026-08-28,264.8500061035156,0.024941496312629097,0.4790697674418605,True,False,0.0
562,MPLX,2026-08-28,59.25,0.02487561729460186,0.4781395348837209,True,False,0.0
563,FHN,2026-08-28,24.649999618530273,0.024724878273423734,0.4772093023255814,True,False,0.0
564,DHI,2026-08-28,147.38999938964844,0.021767760066886854,0.4762790697674419,True,False,0.0
565,JEF,2026-08-28,53.09000015258789,0.02135437899435977,0.4753488372093023,True,False,0.0
566,CINF,2026-08-28,171.97000122070312,0.02047232886764161,0.4744186046511628,True,False,0.0
567,NLY-PF,2026-08-28,25.979999542236328,0.020401051040646268,0.47348837209302325,True,False,0.0
568,CPNG,2026-08-28,16.520000457763672,0.019753066651470697,0.47255813953488374,True,False,0.0
569,JAZZ,2026-08-28,244.5399932861328,0.019638875116199994,0.47162790697674417,True,False,0.0
570,EOG,2026-08-28,143.35000610351562,0.018834464909393445,0.47069767441860466,True,False,0.0
571,WTFC,2026-08-28,152.9499969482422,0.018467328105656877,0.4697674418604651,True,False,0.0
572,MS-PE,2026-08-28,25.43000030517578,0.018303604331934675,0.4688372093023256,True,False,0.0
573,KEY-PI,2026-08-28,25.350000381469727,0.0173700847120688,0.467906976744186,True,False,0.0
574,MS-PF,2026-08-28,25.270000457763672,0.016133728064793296,0.4669767441860465,True,False,0.0
575,NVS,2026-08-28,153.80999755859375,0.015918122584319017,0.466046511627907,True,False,0.0
576,COIN,2026-08-28,178.63999938964844,0.01586575598121076,0.46511627906976744,True,False,0.0
577,HIG,2026-08-28,138.5500030517578,0.015539181190272755,0.4641860465116279,True,False,0.0
578,NVO,2026-08-28,45.61000061035156,0.015003757752034996,0.46325581395348836,True,False,0.0
579,XOM,2026-08-28,156.7100067138672,0.014928324554213779,0.46232558139534885,True,False,0.0
580,ONTO,2026-08-28,270.7900085449219,0.014612738140921788,0.4613953488372093,True,False,0.0
581,WRB,2026-08-28,68.44000244140625,0.014376777873919444,0.4604651162790698,True,False,0.0
582,HRL,2026-08-28,21.56999969482422,0.014342831597928596,0.4595348837209302,True,False,0.0
583,KEY-PJ,2026-08-28,20.920000076293945,0.014252290622666974,0.4586046511627907,True,False,0.0
584,WM,2026-08-28,219.66000366210938,0.014127412153124963,0.4576744186046512,True,False,0.0
585,KEY,2026-08-28,21.90999984741211,0.01388242612620938,0.4567441860465116,True,False,0.0
586,ES,2026-08-28,70.83999633789062,0.013737823729317533,0.4558139534883721,True,False,0.0
587,NCLH,2026-08-28,16.649999618530273,0.013390097946935908,0.45488372093023255,True,False,0.0
588,KEY-PK,2026-08-28,20.809999465942383,0.013222163777751428,0.45395348837209304,True,False,0.0
589,PM,2026-08-28,191.88999938964844,0.013039812293209385,0.4530232558139535,True,False,0.0
590,WSE,2026-08-28,13.039999961853027,0.012422348291186713,0.45209302325581396,True,False,0.0
591,ENSG,2026-08-28,172.97999572753906,0.012349929063992127,0.4511627906976744,True,False,0.0
592,PSKY,2026-08-28,10.880000114440918,0.011304961556517723,0.4502325581395349,True,False,0.0
593,UNH,2026-08-28,392.95001220703125,0.010985951455473764,0.4493023255813953,True,False,0.0
594,FNF,2026-08-28,47.54999923706055,0.010725575122730868,0.4483720930232558,True,False,0.0
595,FTV,2026-08-28,59.689998626708984,0.010153976520083319,0.4474418604651163,True,False,0.0
596,OKE,2026-08-28,94.76000213623047,0.010126901208406425,0.44651162790697674,True,False,0.0
597,STX,2026-08-28,829.760009765625,0.01004863614189433,0.44558139534883723,True,False,0.0
598,OXY,2026-08-28,59.099998474121094,0.009566066789131522,0.44465116279069766,True,False,0.0
599,E,2026-08-28,52.810001373291016,0.00955840158427712,0.44372093023255815,True,False,0.0
600,JBHT,2026-08-28,261.0299987792969,0.009552913227203197,0.4427906976744186,True,False,0.0
601,AG,2026-08-28,20.760000228881836,0.009552714259200012,0.4418604651162791,True,False,0.0
602,FFIV,2026-08-28,394.239990234375,0.009525763918253327,0.4409302325581395,True,False,0.0
603,RCI,2026-08-28,36.59000015258789,0.009303585346474241,0.44,True,False,0.0
604,FERG,2026-08-28,228.49000549316406,0.008830411724549014,0.4390697674418605,True,False,0.0
605,PEN,2026-08-28,321.67999267578125,0.008559273755343044,0.4381395348837209,True,False,0.0
606,PCG,2026-08-28,16.600000381469727,0.008505547070724928,0.4372093023255814,True,False,0.0
607,EXE,2026-08-28,98.16000366210938,0.008320546488797431,0.43627906976744185,True,False,0.0
608,NVDA,2026-08-28,217.5500030517578,0.007951496809729841,0.43534883720930234,True,False,0.0
609,IX,2026-08-28,39.0,0.007751918117475443,0.4344186046511628,True,False,0.0
610,FMX,2026-08-28,120.12000274658203,0.0077022386479186356,0.43348837209302327,True,False,0.0
611,UI,2026-08-28,599.3499755859375,0.007293937495306935,0.4325581395348837,True,False,0.0
612,ULTA,2026-08-28,517.5,0.005821119500809546,0.4316279069767442,True,False,0.0
613,MDLZ,2026-08-28,62.36000061035156,0.005725337248947859,0.4306976744186046,True,False,0.0
614,ELAN,2026-08-28,24.110000610351562,0.0054212289656745405,0.4297674418604651,True,False,0.0
615,RF-PC,2026-08-28,24.520000457763672,0.00491806725858579,0.4288372093023256,True,False,0.0
616,TDY,2026-08-28,621.9600219726562,0.0044898564710742495,0.42790697674418604,True,False,0.0
617,PBR-A,2026-08-28,16.770000457763672,0.004413115902468068,0.42697674418604653,True,False,0.0
618,UL,2026-08-28,65.06999969482422,0.004194635514949585,0.42604651162790697,True,False,0.0
619,INVH,2026-08-28,29.239999771118164,0.003603897079507812,0.42511627906976746,True,False,0.0
620,ASND,2026-08-28,247.91000366210938,0.0034810791326782553,0.4241860465116279,True,False,0.0
621,PRAX,2026-08-28,344.75,0.00346373981215109,0.4232558139534884,True,False,0.0
622,AES,2026-08-28,14.729999542236328,0.003405942508251769,0.4223255813953488,True,False,0.0
623,HLT,2026-08-28,321.8500061035156,0.002851071250821846,0.4213953488372093,True,False,0.0
624,DVN,2026-08-28,47.349998474121094,0.002753012495920304,0.4204651162790698,True,False,0.0
625,HIG-PG,2026-08-28,24.530000686645508,0.001887343943758113,0.41953488372093023,True,False,0.0
626,AM,2026-08-28,22.290000915527344,0.0018600591203379313,0.4186046511627907,True,False,0.0
627,NTES,2026-08-28,122.76000213623047,0.0011710112615568313,0.41767441860465115,True,False,0.0
628,WY,2026-08-28,23.639999389648438,0.001058633020223354,0.41674418604651164,True,False,0.0
629,GSK,2026-08-28,50.81999969482422,0.0007694610429829218,0.4158139534883721,True,False,0.0
630,L,2026-08-28,109.72000122070312,0.0,0.41488372093023257,True,False,0.0
631,JCI,2026-08-28,139.58999633789062,-0.00035808544812643284,0.413953488372093,True,False,0.0
632,ELV,2026-08-28,394.42999267578125,-0.0012154946237796782,0.4130232558139535,True,False,0.0
633,TEL,2026-08-28,202.66000366210938,-0.0016748588073429715,0.41209302325581393,True,False,0.0
634,VNOM,2026-08-28,44.18000030517578,-0.002394713283453309,0.4111627906976744,True,False,0.0
635,O,2026-08-28,61.97999954223633,-0.00241272461728792,0.4102325581395349,True,False,0.0
636,SHEL,2026-08-28,90.91000366210938,-0.002561951496196091,0.40930232558139534,True,False,0.0
637,IDXX,2026-08-28,554.989990234375,-0.003501296725828884,0.40837209302325583,True,False,0.0
638,PG,2026-08-28,143.77999877929688,-0.0041536374500795725,0.40744186046511627,True,False,0.0
639,WFC-PL,2026-08-28,1168.3699951171875,-0.004218756518655109,0.40651162790697676,True,False,0.0
640,HST,2026-08-28,22.280000686645508,-0.0042457793677985745,0.4055813953488372,True,False,0.0
641,SLB,2026-08-28,57.33000183105469,-0.0044281888941928305,0.4046511627906977,True,False,0.0
642,CPT,2026-08-28,106.3499984741211,-0.004679457249792129,0.4037209302325581,True,False,0.0
643,ED,2026-08-28,107.48999786376953,-0.004722242002134003,0.4027906976744186,True,False,0.0
644,CL,2026-08-28,90.75,-0.004825117114005684,0.4018604651162791,True,False,0.0
645,JPM-PC,2026-08-28,24.760000228881836,-0.004981465712929456,0.40093023255813953,True,False,0.0
646,EXR,2026-08-28,142.91000366210938,-0.00504745272707241,0.4,True,False,0.0
647,FE,2026-08-28,45.880001068115234,-0.005311629959561359,0.39906976744186046,True,False,0.0
648,MLM,2026-08-28,531.0499877929688,-0.005352018967618277,0.39813953488372095,True,False,0.0
649,PHYS,2026-08-28,33.79999923706055,-0.006174627898752227,0.3972093023255814,True,False,0.0
650,CVS,2026-08-28,93.05999755859375,-0.0070952352771812555,0.39627906976744187,True,False,0.0
651,DLR-PK,2026-08-28,22.260000228881836,-0.007194165655768248,0.3953488372093023,True,False,0.0
652,MS-PI,2026-08-28,24.540000915527344,-0.007211474838699217,0.3944186046511628,True,False,0.0
653,CELH,2026-08-28,32.97999954223633,-0.007224613776269928,0.39348837209302323,True,False,0.0
654,SUI,2026-08-28,122.91999816894531,-0.007470383426374294,0.3925581395348837,True,False,0.0
655,LAMR,2026-08-28,150.3800048828125,-0.007486373374425148,0.3916279069767442,True,False,0.0
656,AMZN,2026-08-28,266.42999267578125,-0.007598646163989198,0.39069767441860465,True,False,0.0
657,ALLY,2026-08-28,42.18000030517578,-0.0076389630553698185,0.38976744186046514,True,False,0.0
658,TER,2026-08-28,354.9700012207031,-0.007687576849535249,0.38883720930232557,True,False,0.0
659,PBR,2026-08-28,18.530000686645508,-0.00835690449527604,0.38790697674418606,True,False,0.0
660,PHG,2026-08-28,26.719999313354492,-0.008534376366372887,0.3869767441860465,True,False,0.0
661,CTA-PB,2026-08-28,65.5,-0.008857256754464915,0.386046511627907,True,False,0.0
662,OHI,2026-08-28,45.9900016784668,-0.00901169490851117,0.3851162790697674,True,False,0.0
663,MAA,2026-08-28,129.61000061035156,-0.0090978777801356,0.3841860465116279,True,False,0.0
664,TTE,2026-08-28,86.3499984741211,-0.009406902742328471,0.38325581395348834,True,False,0.0
665,BAC-PB,2026-08-28,24.31999969482422,-0.009973573535800306,0.38232558139534883,True,False,0.0
666,FANG,2026-08-28,197.6699981689453,-0.010462537021240781,0.3813953488372093,True,False,0.0
667,AFL,2026-08-28,116.5199966430664,-0.011117755814572416,0.38046511627906976,True,False,0.0
668,AIG,2026-08-28,76.93000030517578,-0.011182554144673285,0.37953488372093025,True,False,0.0
669,ALL-PB,2026-08-28,25.56999969482422,-0.011214265610313245,0.3786046511627907,True,False,0.0
670,CTA-PA,2026-08-28,52.4900016784668,-0.011608551003092438,0.3776744186046512,True,False,0.0
671,EIX,2026-08-28,70.16999816894531,-0.012941316870696773,0.3767441860465116,True,False,0.0
672,NEM,2026-08-28,127.9800033569336,-0.013546117700109161,0.3758139534883721,True,False,0.0
673,NTR,2026-08-28,73.51000213623047,-0.013694099394618409,0.37488372093023253,True,False,0.0
674,JD,2026-08-28,28.739999771118164,-0.013726823160894353,0.373953488372093,True,False,0.0
675,AMD,2026-08-28,465.5799865722656,-0.014322189566851273,0.3730232558139535,True,False,0.0
676,VTRS,2026-08-28,16.34000015258789,-0.014475257673253195,0.37209302325581395,True,False,0.0
677,BML-PL,2026-08-28,19.030000686645508,-0.014684237201028849,0.37116279069767444,True,False,0.0
678,TT,2026-08-28,448.9599914550781,-0.014703972596198267,0.3702325581395349,True,False,0.0
679,DLR-PJ,2026-08-28,19.889999389648438,-0.014856198370842066,0.36930232558139536,True,False,0.0
680,NBIX,2026-08-28,154.05999755859375,-0.014898662575280497,0.3683720930232558,True,False,0.0
681,TSM,2026-08-28,417.5199890136719,-0.014974852917194803,0.3674418604651163,True,False,0.0
682,MKL,2026-08-28,1818.68994140625,-0.01499160719906556,0.3665116279069767,True,False,0.0
683,AAL,2026-08-28,13.640000343322754,-0.015162457210321612,0.3655813953488372,True,False,0.0
684,IMO,2026-08-28,130.50999450683594,-0.015239596816106316,0.36465116279069765,True,False,0.0
685,KIM,2026-08-28,23.780000686645508,-0.015320866986716863,0.36372093023255814,True,False,0.0
686,EGP,2026-08-28,200.0,-0.016069936864888,0.3627906976744186,True,False,0.0
687,NOC,2026-08-28,545.5700073242188,-0.016937787403157767,0.36186046511627906,True,False,0.0
688,ROST,2026-08-28,228.5500030517578,-0.01720060179534688,0.36093023255813955,True,False,0.0
689,OTIS,2026-08-28,71.73999786376953,-0.018336123887667033,0.36,True,False,0.0
690,WYNN,2026-08-28,95.26000213623047,-0.018444109832461475,0.3590697674418605,True,False,0.0
691,JPM-PD,2026-08-28,23.209999084472656,-0.01910724724410362,0.3581395348837209,True,False,0.0
692,CI,2026-08-28,278.8800048828125,-0.019374835549118896,0.3572093023255814,True,False,0.0
693,ZM,2026-08-28,98.43000030517578,-0.02020703561414461,0.35627906976744184,True,False,0.0
694,LRCX,2026-08-28,301.8999938964844,-0.020870150118953545,0.3553488372093023,True,False,0.0
695,UDR,2026-08-28,37.119998931884766,-0.021355163901237484,0.3544186046511628,True,False,0.0
696,GS-PD,2026-08-28,18.729999542236328,-0.021692319739253785,0.35348837209302325,True,False,0.0
697,GMED,2026-08-28,82.97000122070312,-0.02169551221386845,0.35255813953488374,True,False,0.0
698,CME,2026-08-28,285.79998779296875,-0.0218693815498322,0.3516279069767442,True,False,0.0
699,BUD,2026-08-28,80.12999725341797,-0.02256655315639433,0.35069767441860467,True,False,0.0
700,GS-PA,2026-08-28,19.110000610351562,-0.02258737956896517,0.3497674418604651,True,False,0.0
701,TDG,2026-08-28,1185.969970703125,-0.02334638055857885,0.3488372093023256,True,False,0.0
702,BML-PG,2026-08-28,18.600000381469727,-0.02348833439027931,0.347906976744186,True,False,0.0
703,WFC-PC,2026-08-28,16.790000915527344,-0.0238371993735913,0.3469767441860465,True,False,0.0
704,LEN-B,2026-08-28,84.94999694824219,-0.024238902968672815,0.34604651162790695,True,False,0.0
705,HDB,2026-08-28,23.079999923706055,-0.024513944524369613,0.34511627906976744,True,False,0.0
706,BAC-PK,2026-08-28,23.59000015258789,-0.024561841849875532,0.34418604651162793,True,False,0.0
707,ENTG,2026-08-28,134.9199981689453,-0.024600653603783718,0.34325581395348836,True,False,0.0
708,BIP,2026-08-28,38.099998474121094,-0.025700161016206757,0.34232558139534885,True,False,0.0
709,FTS,2026-08-28,54.65999984741211,-0.025842109199192276,0.3413953488372093,True,False,0.0
710,DUK-PA,2026-08-28,23.889999389648438,-0.025960815834921824,0.3404651162790698,True,False,0.0
711,SCHW-PD,2026-08-28,23.360000610351562,-0.02647306407342842,0.3395348837209302,True,False,0.0
712,CPRT,2026-08-28,32.9900016784668,-0.026556439285641886,0.3386046511627907,True,False,0.0
713,HUBB,2026-08-28,459.6600036621094,-0.02709221526577832,0.33767441860465114,True,False,0.0
714,PAGS,2026-08-28,8.890000343322754,-0.027352296565572698,0.33674418604651163,True,False,0.0
715,HEI-A,2026-08-28,250.05999755859375,-0.027874860851110128,0.3358139534883721,True,False,0.0
716,BTSG,2026-08-28,59.130001068115234,-0.027946748508423935,0.33488372093023255,True,False,0.0
717,ACGLO,2026-08-28,18.969999313354492,-0.028150172950940022,0.33395348837209304,True,False,0.0
718,STLD,2026-08-28,234.6649932861328,-0.02934729228124011,0.3330232558139535,True,False,0.0
719,MS-PA,2026-08-28,18.8799991607666,-0.029717802764825163,0.33209302325581397,True,False,0.0
720,BAC-PE,2026-08-28,18.290000915527344,-0.029833552978893563,0.3311627906976744,True,False,0.0
721,USB-PP,2026-08-28,20.940099716186523,-0.029883973743542236,0.3302325581395349,True,False,0.0
722,INFY,2026-08-28,12.050000190734863,-0.030669896810364805,0.3293023255813953,True,False,0.0
723,USB-PH,2026-08-28,18.25,-0.031137739709278245,0.3283720930232558,True,False,0.0
724,GSAT,2026-08-28,81.76000213623047,-0.03162380859048319,0.32744186046511625,True,False,0.0
725,LOW,2026-08-28,208.0500030517578,-0.03183022177541184,0.32651162790697674,True,False,0.0
726,CASY,2026-08-28,755.469970703125,-0.031926371587285174,0.32558139534883723,True,False,0.0
727,LEN,2026-08-28,86.33000183105469,-0.03222913447661779,0.32465116279069767,True,False,0.0
728,MSCI,2026-08-28,570.760009765625,-0.03277404951781082,0.32372093023255816,True,False,0.0
729,PSA-PH,2026-08-28,21.010000228881836,-0.03295605715653749,0.3227906976744186,True,False,0.0
730,ZTO,2026-08-28,21.5,-0.03327337134594577,0.3218604651162791,True,False,0.0
731,PLD,2026-08-28,140.6999969482422,-0.033919269857930034,0.3209302325581395,True,False,0.0
732,EQIX,2026-08-28,1044.4100341796875,-0.03399573936897138,0.32,True,False,0.0
733,BCE,2026-08-28,23.459999084472656,-0.03404611964393245,0.31906976744186044,True,False,0.0
734,D,2026-08-28,65.55000305175781,-0.03446746735790096,0.31813953488372093,True,False,0.0
735,DLR,2026-08-28,185.47000122070312,-0.03475542508058682,0.3172093023255814,True,False,0.0
736,EVRG,2026-08-28,80.6500015258789,-0.03574842043984494,0.31627906976744186,True,False,0.0
737,SIRI,2026-08-28,28.540000915527344,-0.035822596842667864,0.31534883720930235,True,False,0.0
738,BML-PJ,2026-08-28,19.15999984741211,-0.035870945103613106,0.3144186046511628,True,False,0.0
739,BML-PH,2026-08-28,18.454999923706055,-0.03653960875625861,0.31348837209302327,True,False,0.0
740,TCOM,2026-08-28,45.349998474121094,-0.0367460341896686,0.3125581395348837,True,False,0.0
741,MS-PK,2026-08-28,22.540000915527344,-0.03698890326382842,0.3116279069767442,True,False,0.0
742,WWD,2026-08-28,341.80999755859375,-0.03704641146338483,0.31069767441860463,True,False,0.0
743,BG,2026-08-28,115.4800033569336,-0.03710495236320066,0.3097674418604651,True,False,0.0
744,LUV,2026-08-28,39.63999938964844,-0.03727989983860147,0.30883720930232555,True,False,0.0
745,AMT,2026-08-28,176.22999572753906,-0.037520536029324925,0.30790697674418605,True,False,0.0
746,TKO,2026-08-28,184.63999938964844,-0.037631612622404886,0.30697674418604654,True,False,0.0
747,SGI,2026-08-28,64.37000274658203,-0.037673742952020195,0.30604651162790697,True,False,0.0
748,ITUB,2026-08-28,7.5,-0.03827971579778355,0.30511627906976746,True,False,0.0
749,ALGN,2026-08-28,157.5800018310547,-0.038501419135353876,0.3041860465116279,True,False,0.0
750,KNX,2026-08-28,67.23999786376953,-0.03862534680051233,0.3032558139534884,True,False,0.0
751,MET-PE,2026-08-28,21.510000228881836,-0.0397321162859392,0.3023255813953488,True,False,0.0
752,DUK,2026-08-28,120.25,-0.04026496063428431,0.3013953488372093,True,False,0.0
753,NGG,2026-08-28,79.3499984741211,-0.04034538683474964,0.30046511627906974,True,False,0.0
754,WPC,2026-08-28,70.51000213623047,-0.04103859218344552,0.29953488372093023,True,False,0.0
755,MDLN,2026-08-28,35.279998779296875,-0.041304361121641264,0.2986046511627907,True,False,0.0
756,REG,2026-08-28,75.5199966430664,-0.04132027698841967,0.29767441860465116,True,False,0.0
757,PAAS,2026-08-28,52.869998931884766,-0.041515607720488124,0.29674418604651165,True,False,0.0
758,VIK,2026-08-28,88.5,-0.04158540708448055,0.2958139534883721,True,False,0.0
759,EXC,2026-08-28,43.93000030517578,-0.042084611414944906,0.2948837209302326,True,False,0.0
760,ORLY,2026-08-28,88.5,-0.0425186659331398,0.293953488372093,True,False,0.0
761,AEE,2026-08-28,106.12000274658203,-0.04318817741743319,0.2930232558139535,True,False,0.0
762,RKT,2026-08-28,13.770000457763672,-0.043749942878880566,0.29209302325581393,True,False,0.0
763,EMA,2026-08-28,49.900001525878906,-0.04407099766326594,0.2911627906976744,True,False,0.0
764,LULU,2026-08-28,120.80999755859375,-0.045357608492640256,0.29023255813953486,True,False,0.0
765,CSGP,2026-08-28,32.220001220703125,-0.04561603013610993,0.28930232558139535,True,False,0.0
766,STT-PG,2026-08-28,20.639999389648438,-0.04608309148900125,0.28837209302325584,True,False,0.0
767,DTE,2026-08-28,135.86000061035156,-0.046194901139245736,0.2874418604651163,True,False,0.0
768,APG,2026-08-28,39.689998626708984,-0.04660106633751959,0.28651162790697676,True,False,0.0
769,PNW,2026-08-28,97.63999938964844,-0.04708922188735731,0.2855813953488372,True,False,0.0
770,FISV,2026-08-28,53.18000030517578,-0.047465546103652057,0.2846511627906977,True,False,0.0
771,HON,2026-08-28,217.42999267578125,-0.04752937691227832,0.2837209302325581,True,False,0.0
772,BA,2026-08-28,209.82000732421875,-0.047787603755954144,0.2827906976744186,True,False,0.0
773,MAR,2026-08-28,351.0799865722656,-0.04807356390470763,0.28186046511627905,True,False,0.0
774,BABA,2026-08-28,118.9000015258789,-0.04889054753087474,0.28093023255813954,True,False,0.0
775,MET-PA,2026-08-28,21.190000534057617,-0.04892280605903343,0.28,True,False,0.0
776,LTM,2026-08-28,50.529998779296875,-0.0489366127714741,0.27906976744186046,True,False,0.0
777,FIS,2026-08-28,41.439998626708984,-0.04932327410765702,0.27813953488372095,True,False,0.0
778,SUNB,2026-08-28,73.19999694824219,-0.049847580993208185,0.2772093023255814,True,False,0.0
779,ROK,2026-08-28,430.8599853515625,-0.05006949667291993,0.2762790697674419,True,False,0.0
780,TLK,2026-08-28,14.579999923706055,-0.050666413978632474,0.2753488372093023,True,False,0.0
781,SNN,2026-08-28,28.969999313354492,-0.051097325195062826,0.2744186046511628,True,False,0.0
782,WFC-PY,2026-08-28,22.260000228881836,-0.05115084835553374,0.27348837209302324,True,False,0.0
783,ALL-PH,2026-08-28,18.75,-0.05128397650059435,0.2725581395348837,True,False,0.0
784,CCL,2026-08-28,24.760000228881836,-0.05134100126447716,0.27162790697674416,True,False,0.0
785,TMUS,2026-08-28,181.3699951171875,-0.05141214428845242,0.27069767441860465,True,False,0.0
786,AEO,2026-08-28,16.8700008392334,-0.05148553330660188,0.26976744186046514,True,False,0.0
787,META,2026-08-28,578.02001953125,-0.051757775831952846,0.2688372093023256,True,False,0.0
788,PSA-PK,2026-08-28,17.799999237060547,-0.05193078036110499,0.26790697674418606,True,False,0.0
789,GAP,2026-08-28,23.479999542236328,-0.05210142605802037,0.2669767441860465,True,False,0.0
790,LIN,2026-08-28,489.510009765625,-0.052677359030789184,0.266046511627907,True,False,0.0
791,EQT,2026-08-28,54.56999969482422,-0.053590013193983266,0.2651162790697674,True,False,0.0
792,DOV,2026-08-28,198.67999267578125,-0.053656978043973735,0.2641860465116279,True,False,0.0
793,ODFL,2026-08-28,198.6300048828125,-0.054187847824799684,0.26325581395348835,True,False,0.0
794,MAA-PI,2026-08-28,51.02000045776367,-0.054422945109236065,0.26232558139534884,True,False,0.0
795,PUK,2026-08-28,27.649999618530273,-0.05470086774255478,0.26139534883720933,True,False,0.0
796,BN,2026-08-28,41.33000183105469,-0.055564582490690295,0.26046511627906976,True,False,0.0
797,MLI,2026-08-28,62.79999923706055,-0.055907835154251684,0.25953488372093025,True,False,0.0
798,ARW,2026-08-28,203.9199981689453,-0.05596961550549007,0.2586046511627907,True,False,0.0
799,BKR,2026-08-28,62.40999984741211,-0.05796226645415681,0.2576744186046512,True,False,0.0
800,VRSN,2026-08-28,291.92999267578125,-0.058214414299287975,0.2567441860465116,True,False,0.0
801,ETR,2026-08-28,105.75,-0.05824205950846151,0.2558139534883721,True,False,0.0
802,RYAAY,2026-08-28,56.130001068115234,-0.05853736877380389,0.25488372093023254,True,False,0.0
803,WMB,2026-08-28,73.7300033569336,-0.059266304855711716,0.25395348837209303,True,False,0.0
804,PPL,2026-08-28,34.20000076293945,-0.059405935400264176,0.25302325581395346,True,False,0.0
805,PEP,2026-08-28,141.07000732421875,-0.05943923225558545,0.25209302325581395,True,False,0.0
806,WDC,2026-08-28,459.45001220703125,-0.05968907751551811,0.25116279069767444,True,False,0.0
807,WEC,2026-08-28,106.22000122070312,-0.059916778219864186,0.2502325581395349,True,False,0.0
808,MCD,2026-08-28,265.0,-0.05998369494676503,0.24930232558139534,True,False,0.0
809,ASX,2026-08-28,37.779998779296875,-0.0600972872098523,0.2483720930232558,True,False,0.0
810,CEG,2026-08-28,276.75,-0.06049498211338655,0.2474418604651163,True,False,0.0
811,RPM,2026-08-28,106.6500015258789,-0.06065801647036939,0.24651162790697675,True,False,0.0
812,FICO,2026-08-28,1153.5699462890625,-0.06160424593756009,0.24558139534883722,True,False,0.0
813,F,2026-08-28,13.880000114440918,-0.06184521508175811,0.24465116279069768,True,False,0.0
814,ATO,2026-08-28,166.64999389648438,-0.06195914750902731,0.24372093023255814,True,False,0.0
815,KMI,2026-08-28,31.559999465942383,-0.062249276165276424,0.2427906976744186,True,False,0.0
816,CYTK,2026-08-28,72.08999633789062,-0.0630362093789788,0.24186046511627907,True,False,0.0
817,SQM,2026-08-28,78.62999725341797,-0.06448549198745679,0.24093023255813953,True,False,0.0
818,SO,2026-08-28,88.25,-0.06465287305536349,0.24,True,False,0.0
819,VALE,2026-08-28,15.029999732971191,-0.06593260247355648,0.23906976744186045,True,False,0.0
820,RL,2026-08-28,354.0400085449219,-0.06619014486743502,0.23813953488372094,True,False,0.0
821,AEP,2026-08-28,122.30999755859375,-0.06733263590171779,0.2372093023255814,True,False,0.0
822,RIG,2026-08-28,5.800000190734863,-0.06752405363728253,0.23627906976744187,True,False,0.0
823,SBAC,2026-08-28,190.9499969482422,-0.06776353443701488,0.23534883720930233,True,False,0.0
824,TME,2026-08-28,8.5600004196167,-0.06855268656501123,0.2344186046511628,True,False,0.0
825,AGI,2026-08-28,36.75,-0.06896288788936555,0.23348837209302326,True,False,0.0
826,MO,2026-08-28,68.6500015258789,-0.07022411624413694,0.23255813953488372,True,False,0.0
827,H,2026-08-28,172.25,-0.0704765631323605,0.23162790697674418,True,False,0.0
828,SPXC,2026-08-28,198.72999572753906,-0.07057343129634475,0.23069767441860464,True,False,0.0
829,BB,2026-08-28,8.15999984741211,-0.07061502328192792,0.2297674418604651,True,False,0.0
830,KEYS,2026-08-28,319.9700012207031,-0.07063814435685423,0.2288372093023256,True,False,0.0
831,WCC,2026-08-28,336.4200134277344,-0.07523771470745377,0.22790697674418606,True,False,0.0
832,NFLX,2026-08-28,81.72000122070312,-0.07530408802599009,0.22697674418604652,True,False,0.0
833,NEE,2026-08-28,81.83999633789062,-0.0756720635685213,0.22604651162790698,True,False,0.0
834,NBIS,2026-08-28,209.17999267578125,-0.07581516276289124,0.22511627906976744,True,False,0.0
835,ESLT,2026-08-28,708.6799926757812,-0.07583022962222263,0.2241860465116279,True,False,0.0
836,XEL,2026-08-28,76.44999694824219,-0.076114738768987,0.22325581395348837,True,False,0.0
837,IRM,2026-08-28,117.4000015258789,-0.07697146574108593,0.22232558139534883,True,False,0.0
838,TRP,2026-08-28,61.86000061035156,-0.07698978589947547,0.2213953488372093,True,False,0.0
839,CARR,2026-08-28,58.790000915527344,-0.07780390720741426,0.22046511627906976,True,False,0.0
840,HSY,2026-08-28,179.0500030517578,-0.0779173457344069,0.21953488372093025,True,False,0.0
841,HII,2026-08-28,294.2099914550781,-0.07794282362975757,0.2186046511627907,True,False,0.0
842,PEG,2026-08-28,73.19000244140625,-0.07821157386815192,0.21767441860465117,True,False,0.0
843,LNT,2026-08-28,68.02999877929688,-0.07830791972761963,0.21674418604651163,True,False,0.0
844,WU,2026-08-28,7.239999771118164,-0.07835828415160706,0.2158139534883721,True,False,0.0
845,RUM,2026-08-28,8.979999542236328,-0.07897440592447913,0.21488372093023256,True,False,0.0
846,CNP,2026-08-28,39.2400016784668,-0.0795214474480499,0.21395348837209302,True,False,0.0
847,COST,2026-08-28,945.469970703125,-0.08044318960409014,0.21302325581395348,True,False,0.0
848,IBM,2026-08-28,235.58999633789062,-0.0809292363848928,0.21209302325581394,True,False,0.0
849,LYB,2026-08-28,63.66999816894531,-0.08110842361560189,0.2111627906976744,True,False,0.0
850,SNAP,2026-08-28,5.429999828338623,-0.08121827943594118,0.2102325581395349,True,False,0.0
851,CMS,2026-08-28,68.20999908447266,-0.08221206452422891,0.20930232558139536,True,False,0.0
852,ENB,2026-08-28,50.20000076293945,-0.08404283153172609,0.20837209302325582,True,False,0.0
853,CGNX,2026-08-28,60.459999084472656,-0.08407821348503819,0.20744186046511628,True,False,0.0
854,YUM,2026-08-28,153.86000061035156,-0.08503807528745888,0.20651162790697675,True,False,0.0
855,CSCO,2026-08-28,109.93000030517578,-0.08521259898309441,0.2055813953488372,True,False,0.0
856,LVS,2026-08-28,45.040000915527344,-0.08548221491315033,0.20465116279069767,True,False,0.0
857,BNT,2026-08-28,41.369998931884766,-0.08594106695501025,0.20372093023255813,True,False,0.0
858,ADI,2026-08-28,361.7799987792969,-0.08632183405746685,0.2027906976744186,True,False,0.0
859,SRE,2026-08-28,84.30999755859375,-0.08696122046521959,0.20186046511627906,True,False,0.0
860,GLPI,2026-08-28,42.560001373291016,-0.0870388530493168,0.20093023255813955,True,False,0.0
861,DTM,2026-08-28,129.52999877929688,-0.08938800502200772,0.2,True,False,0.0
862,AMX,2026-08-28,23.18000030517578,-0.09043971973888654,0.19906976744186047,True,False,0.0
863,DVA,2026-08-28,180.67999267578125,-0.09155818175750352,0.19813953488372094,True,False,0.0
864,PSLV,2026-08-28,21.84000015258789,-0.09452738836297536,0.1972093023255814,True,False,0.0
865,TXT,2026-08-28,83.04000091552734,-0.0945864446246436,0.19627906976744186,True,False,0.0
866,SNDK,2026-08-28,1484.97998046875,-0.09542898125155452,0.19534883720930232,True,False,0.0
867,BTI,2026-08-28,56.130001068115234,-0.09550715958691003,0.19441860465116279,True,False,0.0
868,TPR,2026-08-28,125.48999786376953,-0.09599109853606203,0.19348837209302325,True,False,0.0
869,CCJ,2026-08-28,100.01000213623047,-0.09599561945988744,0.1925581395348837,True,False,0.0
870,VICI,2026-08-28,25.8700008392334,-0.09656013157141885,0.19162790697674417,True,False,0.0
871,EBAY,2026-08-28,105.62000274658203,-0.09734210051878711,0.19069767441860466,True,False,0.0
872,PTON,2026-08-28,5.449999809265137,-0.09768214508512729,0.18976744186046512,True,False,0.0
873,NVT,2026-08-28,148.47999572753906,-0.09821901038215564,0.1888372093023256,True,False,0.0
874,TPL,2026-08-28,364.3800048828125,-0.09839286694586269,0.18790697674418605,True,False,0.0
875,CRH,2026-08-28,95.86000061035156,-0.09849958266932202,0.1869767441860465,True,False,0.0
876,BWA,2026-08-28,64.08999633789062,-0.0991156744189039,0.18604651162790697,True,False,0.0
877,GOOGL,2026-08-28,346.5899963378906,-0.10002334522307288,0.18511627906976744,True,False,0.0
878,GOOG,2026-08-28,342.8800048828125,-0.10067802785686908,0.1841860465116279,True,False,0.0
879,CDNS,2026-08-28,340.3900146484375,-0.10080563829102851,0.18325581395348836,True,False,0.0
880,CAT,2026-08-28,800.25,-0.10124665537086741,0.18232558139534882,True,False,0.0
881,XPO,2026-08-28,188.55999755859375,-0.10410036363868358,0.1813953488372093,True,False,0.0
882,AVGO,2026-08-28,368.7900085449219,-0.10657006241694222,0.18046511627906978,True,False,0.0
883,RDY,2026-08-28,12.180000305175781,-0.1079069152766744,0.17953488372093024,True,False,0.0
884,UTHR,2026-08-28,515.4600219726562,-0.10886359888053143,0.1786046511627907,True,False,0.0
885,BURL,2026-08-28,272.95001220703125,-0.11053535194016895,0.17767441860465116,True,False,0.0
886,UMC,2026-08-28,19.790000915527344,-0.1120735004046548,0.17674418604651163,True,False,0.0
887,NKE,2026-08-28,39.599998474121094,-0.11230473042318867,0.1758139534883721,True,False,0.0
888,KEP,2026-08-28,11.680000305175781,-0.11649016117600597,0.17488372093023255,True,False,0.0
889,BKD,2026-08-28,11.720000267028809,-0.11879698504115244,0.173953488372093,True,False,0.0
890,AS,2026-08-28,31.049999237060547,-0.11939873184570227,0.17302325581395347,True,False,0.0
891,HAL,2026-08-28,36.18000030517578,-0.12333414335182946,0.17209302325581396,True,False,0.0
892,LOGI,2026-08-28,97.95999908447266,-0.12347890826752328,0.17116279069767443,True,False,0.0
893,TS,2026-08-28,53.970001220703125,-0.12400583207208704,0.1702325581395349,True,False,0.0
894,HSAI,2026-08-28,17.420000076293945,-0.1241829758245232,0.16930232558139535,True,False,0.0
895,TFII,2026-08-28,133.30999755859375,-0.1249884070982411,0.16837209302325581,True,False,0.0
896,STZ,2026-08-28,130.69000244140625,-0.12546841336777725,0.16744186046511628,True,False,0.0
897,CLF,2026-08-28,11.619999885559082,-0.12565839586812888,0.16651162790697674,True,False,0.0
898,ABVX,2026-08-28,113.3499984741211,-0.1262622199404021,0.1655813953488372,True,False,0.0
899,EME,2026-08-28,740.1699829101562,-0.1276432665580921,0.16465116279069766,True,False,0.0
900,VST,2026-08-28,137.08999633789062,-0.12781522632674192,0.16372093023255813,True,False,0.0
901,PAC,2026-08-28,207.55999755859375,-0.1283020577609023,0.16279069767441862,True,False,0.0
902,ALM,2026-08-28,18.040000915527344,-0.12850240335133123,0.16186046511627908,True,False,0.0
903,GEV,2026-08-28,911.9299926757812,-0.13119738200794517,0.16093023255813954,True,False,0.0
904,CMI,2026-08-28,564.8499755859375,-0.13134751160612212,0.16,True,False,0.0
905,CHRW,2026-08-28,150.38999938964844,-0.13239873908561706,0.15906976744186047,True,False,0.0
906,WMG,2026-08-28,28.030000686645508,-0.13353935057930333,0.15813953488372093,True,False,0.0
907,RBC,2026-08-28,500.6199951171875,-0.13362064913400173,0.1572093023255814,True,False,0.0
908,CBOE,2026-08-28,310.45001220703125,-0.1350440193005904,0.15627906976744185,True,False,0.0
909,KR,2026-08-28,57.720001220703125,-0.13605742658377606,0.15534883720930232,True,False,0.0
910,AEIS,2026-08-28,272.82000732421875,-0.13958616476085783,0.15441860465116278,True,False,0.0
911,VIV,2026-08-28,11.390000343322754,-0.14003603656017327,0.15348837209302327,True,False,0.0
912,TJX,2026-08-28,135.1199951171875,-0.14043074638815323,0.15255813953488373,True,False,0.0
913,BEP,2026-08-28,31.729999542236328,-0.14052774004263147,0.1516279069767442,True,False,0.0
914,XYL,2026-08-28,111.30999755859375,-0.1408613796225675,0.15069767441860465,True,False,0.0
915,WMT,2026-08-28,103.08999633789062,-0.14105982985089371,0.14976744186046512,True,False,0.0
916,WSO,2026-08-28,310.760009765625,-0.14227190233996811,0.14883720930232558,True,False,0.0
917,LFUS,2026-08-28,405.4150085449219,-0.14397169907065088,0.14790697674418604,True,False,0.0
918,AZO,2026-08-28,2961.9599609375,-0.14428516614660625,0.1469767441860465,True,False,0.0
919,ALHC,2026-08-28,13.619999885559082,-0.14500943975915448,0.14604651162790697,True,False,0.0
920,AXSM,2026-08-28,199.02000427246094,-0.14521323408796283,0.14511627906976743,True,False,0.0
921,DOW,2026-08-28,30.510000228881836,-0.1465734201711375,0.14418604651162792,True,False,0.0
922,CLS,2026-08-28,298.70001220703125,-0.1490512746970738,0.14325581395348838,True,False,0.0
923,AZN,2026-08-28,162.6999969482422,-0.14945892279438544,0.14232558139534884,True,False,0.0
924,NI,2026-08-28,40.56999969482422,-0.14965415063217158,0.1413953488372093,True,False,0.0
925,ISRG,2026-08-28,372.6000061035156,-0.1500621649843369,0.14046511627906977,True,False,0.0
926,UAA,2026-08-28,5.079999923706055,-0.15191984677525927,0.13953488372093023,True,False,0.0
927,LHX,2026-08-28,262.82000732421875,-0.15309503207477948,0.1386046511627907,True,False,0.0
928,AMRZ,2026-08-28,44.66999816894531,-0.15509742630227685,0.13767441860465116,True,False,0.0
929,ACHR,2026-08-28,5.75,-0.1556534437130841,0.13674418604651162,True,False,0.0
930,TSN,2026-08-28,55.400001525878906,-0.15677314917499185,0.13581395348837208,True,False,0.0
931,DECK,2026-08-28,87.76000213623047,-0.1597089229726294,0.13488372093023257,True,False,0.0
932,MP,2026-08-28,56.130001068115234,-0.1601077430760649,0.13395348837209303,True,False,0.0
933,MSTR,2026-08-28,127.30999755859375,-0.16044580538764863,0.1330232558139535,True,False,0.0
934,INTR,2026-08-28,5.380000114440918,-0.16068638962402315,0.13209302325581396,True,False,0.0
935,EVR,2026-08-28,290.1099853515625,-0.16160452453546081,0.13116279069767442,True,False,0.0
936,PKX,2026-08-28,60.25,-0.1617974081498028,0.13023255813953488,True,False,0.0
937,SNPS,2026-08-28,442.6099853515625,-0.1634899907948073,0.12930232558139534,True,False,0.0
938,CX,2026-08-28,10.869999885559082,-0.16569508165786428,0.1283720930232558,True,False,0.0
939,PWR,2026-08-28,602.7000122070312,-0.16720210862900575,0.12744186046511627,True,False,0.0
940,CCI,2026-08-28,76.13999938964844,-0.16805067545403107,0.12651162790697673,True,False,0.0
941,FDX,2026-08-28,330.8800048828125,-0.16814160106799247,0.12558139534883722,True,False,0.0
942,SOUN,2026-08-28,7.110000133514404,-0.1693925484839197,0.12465116279069767,True,False,0.0
943,JBL,2026-08-28,301.45001220703125,-0.16979363922588597,0.12372093023255815,True,False,0.0
944,ALAB,2026-08-28,289.4700012207031,-0.17097691643382484,0.12279069767441861,True,False,0.0
945,TXN,2026-08-28,258.6400146484375,-0.17204729240212613,0.12186046511627907,True,False,0.0
946,AUR,2026-08-28,5.829999923706055,-0.1753889982811606,0.12093023255813953,True,False,0.0
947,PNR,2026-08-28,61.66999816894531,-0.1774043328691448,0.12,True,False,0.0
948,SWKS,2026-08-28,65.79000091552734,-0.1804932496773568,0.11906976744186047,True,False,0.0
949,FIX,2026-08-28,1518.72998046875,-0.18091990117135348,0.11813953488372093,True,False,0.0
950,VRT,2026-08-28,257.0799865722656,-0.18157269063320103,0.1172093023255814,True,False,0.0
951,CAVA,2026-08-28,66.94000244140625,-0.18564470892188112,0.11627906976744186,True,False,0.0
952,BSX,2026-08-28,46.84000015258789,-0.1862404615173866,0.11534883720930232,True,False,0.0
953,TSLA,2026-08-28,348.75,-0.1863802069761541,0.1144186046511628,True,False,0.0
954,RBA,2026-08-28,86.05999755859375,-0.18750000900372288,0.11348837209302326,True,False,0.0
955,WSC,2026-08-28,20.899999618530273,-0.1889535901450068,0.11255813953488372,True,False,0.0
956,CRCL,2026-08-28,87.13999938964844,-0.1949371663946028,0.11162790697674418,True,False,0.0
957,LII,2026-08-28,393.3900146484375,-0.19717963550051043,0.11069767441860465,True,False,0.0
958,FSLR,2026-08-28,204.4600067138672,-0.1984946559694737,0.10976744186046512,True,False,0.0
959,NRG,2026-08-28,111.12000274658203,-0.20160936489316217,0.10883720930232559,True,False,0.0
960,CW,2026-08-28,596.3699951171875,-0.20215233510410968,0.10790697674418605,True,False,0.0
961,DRS,2026-08-28,38.540000915527344,-0.20229408265513138,0.10697674418604651,True,False,0.0
962,KTOS,2026-08-28,52.0,-0.20233167583114642,0.10604651162790697,True,False,0.0
963,ALB,2026-08-28,137.36000061035156,-0.2025081500836159,0.10511627906976745,True,False,0.0
964,TLN,2026-08-28,296.1050109863281,-0.20498053085917411,0.10418604651162791,True,False,0.0
965,TU,2026-08-28,9.670000076293945,-0.20826212187653437,0.10325581395348837,True,False,0.0
966,MKSI,2026-08-28,255.75999450683594,-0.20858009105809783,0.10232558139534884,True,False,0.0
967,MPWR,2026-08-28,1256.260009765625,-0.20923294931737801,0.1013953488372093,True,False,0.0
968,FER,2026-08-28,58.72999954223633,-0.21040600012206212,0.10046511627906977,True,False,0.0
969,SMMT,2026-08-28,13.729999542236328,-0.2113727936489782,0.09953488372093024,True,False,0.0
970,SMTC,2026-08-28,131.1699981689453,-0.2113870214335849,0.0986046511627907,True,False,0.0
971,CRWV,2026-08-28,84.2300033569336,-0.21177238559014,0.09767441860465116,True,False,0.0
972,LI,2026-08-28,12.229999542236328,-0.21299874052393541,0.09674418604651162,True,False,0.0
973,ORCL,2026-08-28,150.85000610351562,-0.2159155539160934,0.09581395348837209,True,False,0.0
974,GIL,2026-08-28,53.119998931884766,-0.21651896057008468,0.09488372093023256,True,False,0.0
975,ERIC,2026-08-28,9.949999809265137,-0.21899529136397733,0.09395348837209302,True,False,0.0
976,RTO,2026-08-28,23.530000686645508,-0.22128673647703,0.09302325581395349,True,False,0.0
977,RRX,2026-08-28,157.42999267578125,-0.222672022073385,0.09209302325581395,True,False,0.0
978,VSAT,2026-08-28,67.37000274658203,-0.22286306552918378,0.09116279069767441,True,False,0.0
979,LSCC,2026-08-28,114.4000015258789,-0.22340639860254308,0.09023255813953489,True,False,0.0
980,LCID,2026-08-28,5.010000228881836,-0.2244581734833958,0.08930232558139535,True,False,0.0
981,MCHP,2026-08-28,72.93000030517578,-0.2265761522736397,0.08837209302325581,True,False,0.0
982,GLXY,2026-08-28,23.209999084472656,-0.22967143275943847,0.08744186046511628,True,False,0.0
983,GLW,2026-08-28,148.97999572753906,-0.23063418613342956,0.08651162790697674,True,False,0.0
984,BWXT,2026-08-28,152.85000610351562,-0.2329502542965547,0.08558139534883721,True,False,0.0
985,SITM,2026-08-28,557.8599853515625,-0.2342978104466995,0.08465116279069768,True,False,0.0
986,QXO,2026-08-28,13.520000457763672,-0.23529410495509318,0.08372093023255814,True,False,0.0
987,FLEX,2026-08-28,110.5,-0.23714190304533178,0.0827906976744186,True,False,0.0
988,SMR,2026-08-28,9.289999961853027,-0.23789989486111907,0.08186046511627906,True,False,0.0
989,MARA,2026-08-28,10.670000076293945,-0.24164887649436095,0.08093023255813954,True,False,0.0
990,Q,2026-08-28,120.26000213623047,-0.2430765455669992,0.08,True,False,0.0
991,TSEM,2026-08-28,208.00999450683594,-0.24497279670839955,0.07906976744186046,True,False,0.0
992,ENLT,2026-08-28,77.54000091552734,-0.24498536300244245,0.07813953488372093,True,False,0.0
993,VIAV,2026-08-28,36.540000915527344,-0.2464425726808368,0.07720930232558139,True,False,0.0
994,SANM,2026-08-28,194.00999450683594,-0.2537216078937894,0.07627906976744186,True,False,0.0
995,FTAI,2026-08-28,194.97999572753906,-0.25636239711134867,0.07534883720930233,True,False,0.0
996,COHR,2026-08-28,279.20001220703125,-0.2593182035667717,0.07441860465116279,True,False,0.0
997,INTC,2026-08-28,89.47000122070312,-0.25960009227998615,0.07348837209302325,True,False,0.0
998,CBRS,2026-08-28,179.0800018310547,-0.26179972573302757,0.07255813953488371,True,False,0.0
999,FRMI,2026-08-28,5.0,-0.2625368959772738,0.07162790697674419,True,False,0.0
1000,BIDU,2026-08-28,97.12000274658203,-0.2645210109649505,0.07069767441860465,True,False,0.0
1001,DOCN,2026-08-28,111.20999908447266,-0.26792181947520055,0.06976744186046512,True,False,0.0
1002,AKAM,2026-08-28,107.47000122070312,-0.26965677418712597,0.06883720930232558,True,False,0.0
1003,STM,2026-08-28,49.380001068115234,-0.2703220337569049,0.06790697674418604,True,False,0.0
1004,BE,2026-08-28,210.77000427246094,-0.27323196725934673,0.06697674418604652,True,False,0.0
1005,ONON,2026-08-28,28.850000381469727,-0.2742138268812647,0.06604651162790698,True,False,0.0
1006,ULS,2026-08-28,74.43000030517578,-0.2752693608646648,0.06511627906976744,True,False,0.0
1007,FDXF,2026-08-28,133.4499969482422,-0.2786486651446368,0.0641860465116279,True,False,0.0
1008,INFQ,2026-08-28,12.800000190734863,-0.27968486994930986,0.06325581395348837,True,False,0.0
1009,ARM,2026-08-28,239.0500030517578,-0.28699254068335456,0.062325581395348835,True,False,0.0
1010,ALNY,2026-08-28,237.10000610351562,-0.2878169033386093,0.061395348837209304,True,False,0.0
1011,NXPI,2026-08-28,223.5800018310547,-0.29013205519170426,0.06046511627906977,True,False,0.0
1012,XPEV,2026-08-28,11.529999732971191,-0.29866183951239633,0.059534883720930236,True,False,0.0
1013,NVMI,2026-08-28,349.05999755859375,-0.3101172071141537,0.0586046511627907,True,False,0.0
1014,QCOM,2026-08-28,164.19000244140625,-0.3111968544502125,0.05767441860465116,True,False,0.0
1015,GNRC,2026-08-28,183.8000030517578,-0.3115202158595842,0.05674418604651163,True,False,0.0
1016,RIOT,2026-08-28,18.989999771118164,-0.315428986020042,0.05581395348837209,True,False,0.0
1017,MOD,2026-08-28,177.6300048828125,-0.3181713021126735,0.05488372093023256,True,False,0.0
1018,ROL,2026-08-28,36.380001068115234,-0.31859896077899563,0.053953488372093024,True,False,0.0
1019,AMKR,2026-08-28,47.880001068115234,-0.3208575897946738,0.053023255813953486,True,False,0.0
1020,STUB,2026-08-28,6.550000190734863,-0.3316326466067442,0.052093023255813956,True,False,0.0
1021,NOK,2026-08-28,10.210000038146973,-0.33180626854882533,0.05116279069767442,True,False,0.0
1022,AA,2026-08-28,50.31999969482422,-0.3329234108423639,0.05023255813953489,True,False,0.0
1023,QUBT,2026-08-28,8.149999618530273,-0.3341503455121597,0.04930232558139535,True,False,0.0
1024,ECHO,2026-08-28,86.83999633789062,-0.33745333420878987,0.04837209302325581,True,False,0.0
1025,MTSI,2026-08-28,265.2699890136719,-0.33791746970235803,0.04744186046511628,True,False,0.0
1026,STLA,2026-08-28,5.420000076293945,-0.33902436556523874,0.046511627906976744,True,False,0.0
1027,NXT,2026-08-28,85.44000244140625,-0.3488301343682779,0.045581395348837206,True,False,0.0
1028,LGN,2026-08-28,53.845001220703125,-0.35329089791996837,0.044651162790697675,True,False,0.0
1029,CLSK,2026-08-28,11.65999984741211,-0.357221596486609,0.04372093023255814,True,False,0.0
1030,TTD,2026-08-28,13.569999694824219,-0.35839243784500807,0.04279069767441861,True,False,0.0
1031,HUT,2026-08-28,79.41999816894531,-0.36075338430035886,0.04186046511627907,True,False,0.0
1032,USAR,2026-08-28,17.989999771118164,-0.3618304565342725,0.04093023255813953,True,False,0.0
1033,TTMI,2026-08-28,118.6500015258789,-0.36817718851987136,0.04,True,False,0.0
1034,AAOI,2026-08-28,106.2300033569336,-0.37149449371868204,0.03906976744186046,True,False,0.0
1035,MAIR,2026-08-28,26.329999923706055,-0.3765095853867555,0.03813953488372093,True,False,0.0
1036,MTZ,2026-08-28,241.0,-0.3780965967371107,0.037209302325581395,True,False,0.0
1037,FN,2026-08-28,414.3599853515625,-0.3796541989984551,0.03627906976744186,True,False,0.0
1038,ON,2026-08-28,72.61000061035156,-0.3800904779904045,0.035348837209302326,True,False,0.0
1039,CIFR,2026-08-28,15.170000076293945,-0.38308255460919827,0.03441860465116279,True,False,0.0
1040,QS,2026-08-28,5.610000133514404,-0.38554216175298084,0.03348837209302326,True,False,0.0
1041,DKS,2026-08-28,135.08999633789062,-0.3997249514515513,0.03255813953488372,True,False,0.0
1042,ONDS,2026-08-28,7.900000095367432,-0.4037735777081184,0.03162790697674418,True,False,0.0
1043,CORZ,2026-08-28,16.510000228881836,-0.40525936265286355,0.030697674418604652,True,False,0.0
1044,ZTS,2026-08-28,77.33999633789062,-0.4075027345061891,0.029767441860465118,True,False,0.0
1045,OKLO,2026-08-28,40.13999938964844,-0.4104860985678833,0.02883720930232558,True,False,0.0
1046,WULF,2026-08-28,15.350000381469727,-0.4185605832094219,0.027906976744186046,True,False,0.0
1047,RMBS,2026-08-28,85.76000213623047,-0.42061883758379215,0.026976744186046512,True,False,0.0
1048,RGTI,2026-08-28,15.59000015258789,-0.42323345332764584,0.026046511627906978,True,False,0.0
1049,QBTS,2026-08-28,16.989999771118164,-0.4238725024420724,0.025116279069767444,True,False,0.0
1050,JOBY,2026-08-28,6.980000019073486,-0.4325203324524123,0.024186046511627906,True,False,0.0
1051,LUMN,2026-08-28,6.039999961853027,-0.43551401219437524,0.023255813953488372,True,False,0.0
1052,BTDR,2026-08-28,10.319999694824219,-0.438520121543151,0.022325581395348838,True,False,0.0
1053,RBLX,2026-08-28,38.529998779296875,-0.43882906023554447,0.021395348837209303,True,False,0.0
1054,IONQ,2026-08-28,39.20000076293945,-0.4411177487303378,0.020465116279069766,True,False,0.0
1055,STRL,2026-08-28,470.5199890136719,-0.44182407617317054,0.01953488372093023,True,False,0.0
1056,GFS,2026-08-28,44.7599983215332,-0.4440716481475112,0.018604651162790697,True,False,0.0
1057,IREN,2026-08-28,35.45000076293945,-0.4465261659036478,0.017674418604651163,True,False,0.0
1058,RUN,2026-08-28,8.779999732971191,-0.4474512559302306,0.01674418604651163,True,False,0.0
1059,DY,2026-08-28,294.3399963378906,-0.4500373885940212,0.01581395348837209,True,False,0.0
1060,VICR,2026-08-28,187.75,-0.451167815458261,0.014883720930232559,True,False,0.0
1061,MNST,2026-08-28,46.86000061035156,-0.4583910953710507,0.013953488372093023,True,False,0.0
1062,APP,2026-08-28,317.760009765625,-0.47030288551836186,0.013023255813953489,True,False,0.0
1063,APLD,2026-08-28,25.34000015258789,-0.48962740435405616,0.012093023255813953,True,False,0.0
1064,AXTI,2026-08-28,58.630001068115234,-0.49325840436847146,0.011162790697674419,True,False,0.0
1065,VISN,2026-08-28,6.059999942779541,-0.5217048219188228,0.010232558139534883,True,False,0.0
1066,IESC,2026-08-28,309.79998779296875,-0.5303570433910767,0.009302325581395349,True,False,0.0
1067,ASTS,2026-08-28,58.04999923706055,-0.5638289816337326,0.008372093023255815,True,False,0.0
1068,RKLB,2026-08-28,64.38999938964844,-0.5650206044678163,0.0074418604651162795,True,False,0.0
1069,FLY,2026-08-28,21.260000228881836,-0.5693740998817112,0.0065116279069767444,True,False,0.0
1070,RDW,2026-08-28,10.869999885559082,-0.5803088785460023,0.005581395348837209,True,False,0.0
1071,NVTS,2026-08-28,11.489999771118164,-0.5969835258198872,0.004651162790697674,True,False,0.0
1072,FRVO,2026-08-28,14.770000457763672,-0.618346248925453,0.0037209302325581397,True,False,0.0
1073,LUNR,2026-08-28,15.369999885559082,-0.6636761569154408,0.0027906976744186047,True,False,0.0
1074,CRWD,2026-08-28,218.39999389648438,-0.6711536888616862,0.0018604651162790699,True,False,0.0
1075,KLAC,2026-08-28,175.5399932861328,-0.9077808929895007,0.0009302325581395349,True,False,0.0
