month,gross,benchmark,regime,turnover,base_net,overlay_net
2016-04,-0.15095781371712316,0.01218548017135341,False,,-0.15095781371712316,0.0
2016-05,-0.0004725546520148005,-0.010640099631520074,False,0.5666666666666667,-0.0010392213186814672,0.0
2016-06,0.09739839138248528,0.04475816615464577,False,0.5,0.09689839138248528,0.0
2016-07,-0.03544158086009754,0.09536493450826317,False,0.5666666666666667,-0.03600824752676421,0.0
2016-08,0.020978207994020726,0.0086934701868484,False,0.5666666666666667,0.02041154132735406,0.0
2016-09,-0.04699053325631284,-0.022954304053666743,False,0.5666666666666667,-0.04755719992297951,0.0
2016-10,0.05592389184795248,0.041685592901638854,True,0.5333333333333333,0.05539055851461915,0.05539055851461915
2016-11,-0.05345164508159032,0.30468728211014,True,0.5,-0.05395164508159032,-0.05395164508159032
2016-12,0.03813668342189344,0.0351883536985936,True,0.6666666666666667,0.03747001675522677,0.03747001675522677
2017-01,0.041400769046329985,0.07974094232984232,True,0.6333333333333333,0.04076743571299665,0.04076743571299665
2017-02,0.022011269517678057,0.0069256266550953936,True,0.7,0.021311269517678057,0.021311269517678057
2017-03,-0.01842092347569312,0.012801665342240162,True,0.6,-0.01902092347569312,-0.01902092347569312
2017-04,0.02630023718164539,0.0134078300530252,True,0.6,0.02570023718164539,0.02570023718164539
2017-05,-0.007059816825872419,0.013683888579716415,True,0.6666666666666667,-0.007726483492539086,-0.007726483492539086
2017-06,0.03140247790721471,0.024837974374561794,True,0.4666666666666667,0.030935811240548044,0.030935811240548044
2017-07,-0.024487502058171746,-0.01174181452515987,True,0.4666666666666667,-0.024954168724838414,-0.024954168724838414
2017-08,0.028655083095248272,0.03885100351152319,True,0.6666666666666667,0.027988416428581606,0.027988416428581606
2017-09,0.0227443074026993,0.0137866358748757,True,0.6,0.0221443074026993,0.0221443074026993
2017-10,0.06344828314750788,0.0273078035563682,True,0.5,0.06294828314750787,0.06294828314750787
2017-11,0.12219010657584707,0.028117406226791708,True,0.6333333333333333,0.12155677324251374,0.12155677324251374
2017-12,0.040999120091686145,0.0428730051866325,True,0.5666666666666667,0.04043245342501948,0.04043245342501948
2018-01,0.0493381280274349,-0.037146335985077675,True,0.5666666666666667,0.04877146136076823,0.04877146136076823
2018-02,-0.012975548583990582,-0.0033819161779078894,True,0.5,-0.013475548583990582,-0.013475548583990582
2018-03,-0.018179537584947683,0.00407537643268357,True,0.5333333333333333,-0.018712870918281017,-0.018712870918281017
2018-04,0.13531157311204942,0.03221550764039645,True,0.5333333333333333,0.13477823977871609,0.13477823977871609
2018-05,0.03036214427341132,0.002893756625692327,True,0.5,0.029862144273411318,0.029862144273411318
2018-06,0.03114132139192781,0.028612065364142198,True,0.33333333333333337,0.030807988058594474,0.030807988058594474
2018-07,0.14978888258744527,0.025205466700744267,True,0.4,0.14938888258744526,0.14938888258744526
2018-08,0.01597411100130614,-0.003785169989138684,True,0.43333333333333335,0.015540777667972804,0.015540777667972804
2018-09,-0.22420734635561468,-0.09994468676436277,True,0.33333333333333337,-0.224540679688948,-0.224540679688948
2018-10,0.03003159257672184,0.022524294157193123,False,0.6666666666666667,0.029364925910055174,0.0
2018-11,-0.03887313238651699,-0.09769328523118882,False,0.6333333333333333,-0.03950646571985032,0.0
2018-12,0.035810679131384214,0.1006029806149937,False,0.5333333333333333,0.035277345798050884,0.0
2019-01,-0.004163318447985886,0.04317318990423462,False,0.8,-0.004963318447985887,0.0
2019-02,0.00795404912086003,0.00620254502342491,False,0.6,0.00735404912086003,0.0
2019-03,0.027644327700015955,0.0342860174841646,False,0.5,0.027144327700015954,0.0
2019-04,-0.03965118217514945,-0.04676447010223719,True,0.4,-0.04005118217514945,-0.04005118217514945
2019-05,0.0908148880572809,0.07865355451101325,True,0.6666666666666667,0.09014822139061424,0.09014822139061424
2019-06,0.030898374755193424,0.02096789019620364,True,0.5333333333333333,0.03036504142186009,0.03036504142186009
2019-07,-0.007617347456284529,-0.026254511521117917,True,0.3666666666666667,-0.007984014122951195,-0.007984014122951195
2019-08,-0.10124594263785228,0.006195187078368785,True,0.4666666666666667,-0.10171260930451895,-0.10171260930451895
2019-09,0.04410987973362195,0.021165797975909666,True,0.6,0.04350987973362195,0.04350987973362195
2019-10,0.05187998230397775,0.028121628015060355,True,0.7666666666666666,0.051113315637311085,0.051113315637311085
2019-11,0.09599810605854825,0.03129951811119143,True,0.6,0.09539810605854825,0.09539810605854825
2019-12,-0.043659010552608235,-0.011432375446284492,True,0.6,-0.04425901055260824,-0.04425901055260824
2020-01,0.003454513058894304,-0.06622678688327709,True,0.6,0.0028545130588943043,0.0028545130588943043
2020-02,-0.10205850510127684,-0.17752732497720958,True,0.6333333333333333,-0.10269183843461017,-0.10269183843461017
2020-03,0.1349882120648191,0.14095627099858063,False,0.5,0.1344882120648191,0.0
2020-04,0.12152995812688121,0.07993361444042771,False,0.5666666666666667,0.12096329146021453,0.0
2020-05,0.07189954602708153,0.009950640339502237,False,0.6,0.07129954602708152,0.0
2020-06,0.14562691550419268,0.05639579988135726,False,0.6333333333333333,0.14499358217085934,0.0
2020-07,0.1643566784928268,0.0503224215196569,True,0.4,0.1639566784928268,0.1639566784928268
2020-08,0.007488773650509077,-0.02290449233481846,True,0.43333333333333335,0.007055440317175744,0.007055440317175744
2020-09,0.013154905915330146,0.004600226283391712,True,0.5,0.012654905915330146,0.012654905915330146
2020-10,0.28619605085814775,0.16603764781972366,True,0.5333333333333333,0.2856627175248144,0.2856627175248144
2020-11,0.22449218342931102,0.056254820514340984,True,0.5333333333333333,0.22395885009597769,0.22395885009597769
2020-12,0.17396977895818985,0.042655862946735755,True,0.4666666666666667,0.17350311229152318,0.17350311229152318
2021-01,0.2122271521279628,0.07736758655188514,True,0.4666666666666667,0.21176048546129614,0.21176048546129614
2021-02,-0.08330312389827194,0.03253386790255768,True,0.4,-0.08370312389827193,-0.08370312389827193
2021-03,-0.02978673035635625,0.03794989576630834,True,0.5333333333333333,-0.030320063689689584,-0.030320063689689584
2021-04,0.03525767966315218,0.028511620886359827,True,0.5666666666666667,0.03469101299648551,0.03469101299648551
2021-05,0.015921617747978935,0.01270016728195733,True,0.6666666666666667,0.015254951081312269,0.015254951081312269
2021-06,-0.027434104140089045,-0.0021518188562313885,True,0.8,-0.028234104140089044,-0.028234104140089044
2021-07,0.058424479439238335,0.022324712278196823,True,0.6333333333333333,0.057791146105905,0.057791146105905
2021-08,-0.044016045131728535,-0.03139020860967309,True,0.6666666666666667,-0.044682711798395204,-0.044682711798395204
2021-09,0.09515005647084648,0.0523936093821956,True,0.5333333333333333,0.09461672313751315,0.09461672313751315
2021-10,-0.02069275677552172,-0.030797973902213588,True,0.6666666666666667,-0.021359423442188386,-0.021359423442188386
2021-11,-0.05464013854913141,0.037773612066522216,True,0.5,-0.05514013854913141,-0.05514013854913141
2021-12,-0.09570726130308915,-0.041323105011315156,True,0.5666666666666667,-0.09627392796975581,-0.09627392796975581
2022-01,0.04106995755583189,0.00408884981073694,True,0.7666666666666666,0.040303290889165226,0.040303290889165226
2022-02,0.07396780777327398,0.046482065830159236,False,0.6666666666666667,0.07330114110660732,0.0
2022-03,-0.053415350783959634,-0.07690028818875329,True,0.4666666666666667,-0.0538820174506263,-0.0538820174506263
2022-04,0.03179641105911022,0.004956818279403611,False,0.5,0.03129641105911022,0.0
2022-05,-0.1524461936095492,-0.08799247878624876,False,0.6666666666666667,-0.15311286027621587,0.0
2022-06,-0.03757383769661342,0.08572610499919299,False,0.8333333333333334,-0.03840717102994675,0.0
2022-07,0.05285614912362212,-0.004157290510771056,False,0.6333333333333333,0.052222815790288785,0.0
2022-08,-0.15011706172031936,-0.08924278130572885,False,0.5333333333333333,-0.15065039505365269,0.0
2022-09,0.12069353396986816,0.07995330010859848,False,0.8333333333333334,0.11986020063653482,0.0
2022-10,-0.017990634896083085,0.07145415320335852,False,0.7,-0.018690634896083084,0.0
2022-11,-0.02189051905442727,-0.044051096712844406,True,0.6333333333333333,-0.022523852387760602,-0.022523852387760602
2022-12,0.08326370152093358,0.11033368171483424,True,0.6333333333333333,0.08263036818760025,0.08263036818760025
2023-01,-0.037959044667327115,-0.02400398215078296,True,0.8,-0.03875904466732712,-0.03875904466732712
2023-02,-0.009199461160536822,-0.01970644293538607,True,0.6333333333333333,-0.009832794493870155,-0.009832794493870155
2023-03,-0.06063565773311615,-0.01651149432805766,True,0.6333333333333333,-0.06126899106644948,-0.06126899106644948
2023-04,0.08764281509920323,-0.007967496264565884,True,0.5333333333333333,0.0871094817658699,0.0871094817658699
2023-05,0.09250981757769236,0.07999999056620637,False,0.6333333333333333,0.09187648424435903,0.0
2023-06,0.11192526715668803,0.04651269964737,True,0.5666666666666667,0.11135860049002136,0.11135860049002136
2023-07,-0.0837965932453068,-0.02901445296127962,True,0.5,-0.0842965932453068,-0.0842965932453068
2023-08,-0.09534024584784352,-0.058724514106429246,True,0.5666666666666667,-0.0959069125145102,-0.0959069125145102
2023-09,-0.10156461552723046,-0.052371978689014664,True,0.4,-0.10196461552723046,-0.10196461552723046
2023-10,0.05250001523881746,0.10199728902896567,False,0.6666666666666667,0.05183334857215079,0.0
2023-11,0.07956967574195492,0.07278905743545039,True,0.7666666666666666,0.07880300907528826,0.07880300907528826
2023-12,-0.12604017263270778,-0.013423044527233127,True,0.7,-0.1267401726327078,-0.1267401726327078
2024-01,0.22802753505262682,0.05966484408084779,True,0.4666666666666667,0.22756086838596015,0.22756086838596015
2024-02,0.09724364607092006,0.03877135389734074,True,0.5666666666666667,0.0966769794042534,0.0966769794042534
2024-03,-0.06105757560498533,-0.02621037213954688,True,0.3666666666666667,-0.061424242271651996,-0.061424242271651996
2024-04,0.17207295489815758,0.03686969082234494,True,0.43333333333333335,0.17163962156482424,0.17163962156482424
2024-05,-0.03498533260838598,-0.007291545888032409,True,0.6333333333333333,-0.035618665941719314,-0.035618665941719314
2024-06,-0.0058434847120436935,0.03337672407188905,True,0.5,-0.006343484712043693,-0.006343484712043693
2024-07,-0.012203271791850956,0.014690546167208558,True,0.3666666666666667,-0.012569938458517622,-0.012569938458517622
2024-08,0.06586991294874486,0.024158342339590234,True,0.6333333333333333,0.06523657961541153,0.06523657961541153
2024-09,0.018838755244186343,0.013406339617653591,True,0.6666666666666667,0.018172088577519677,0.018172088577519677
2024-10,0.36782232770325246,0.07493981702288195,True,0.6666666666666667,0.3671556610365858,0.3671556610365858
2024-11,0.0676679173428682,-0.05259794269464791,True,0.4666666666666667,0.06720125067620153,0.06720125067620153
2024-12,0.030475804677470925,0.03731592055418871,True,0.3666666666666667,0.030109138010804257,0.030109138010804257
2025-01,-0.23030899345780645,-0.041630161165099586,True,0.2666666666666667,-0.23057566012447311,-0.23057566012447311
2025-02,-0.07328363585630003,-0.0392767183263353,True,0.6666666666666667,-0.0739503025229667,-0.0739503025229667
2025-03,-0.04185644286350907,-0.00786125981862155,False,0.7333333333333334,-0.042589776196842406,0.0
2025-04,0.0220055155511903,0.05743020199295449,False,0.6333333333333333,0.02137218221785697,0.0
2025-05,0.0765864293514544,0.05518438736367955,False,0.8333333333333334,0.07575309601812107,0.0
2025-06,0.0861349910754745,0.031910873715373454,True,0.6666666666666667,0.08546832440880783,0.08546832440880783
2025-07,0.07417936352627642,0.04364022797552375,True,0.4,0.07377936352627643,0.07377936352627643
2025-08,0.21242553218248317,0.03124778056372484,True,0.43333333333333335,0.21199219884914983,0.21199219884914983
2025-09,0.1545967228642033,0.017237823683337823,True,0.3666666666666667,0.15423005619753666,0.15423005619753666
2025-10,-0.049209425280471814,0.00874021481721737,True,0.3666666666666667,-0.04957609194713848,-0.04957609194713848
2025-11,0.058760466248597536,0.014366626964013331,True,0.43333333333333335,0.0583271329152642,0.0583271329152642
2025-12,0.15727810882729323,0.044605116904011775,True,0.5333333333333333,0.1567447754939599,0.1567447754939599
2026-01,0.11200941568218369,0.010533580691776175,True,0.4666666666666667,0.11154274901551701,0.11154274901551701
2026-02,-0.15309292659929544,-0.0793791866972995,True,0.4666666666666667,-0.1535595932659621,-0.1535595932659621
2026-03,0.10707234205409864,0.08083383729829927,True,0.6666666666666667,0.10640567538743198,0.10640567538743198
2026-04,0.18825441217485736,0.04336962983368389,True,0.6666666666666667,0.18758774550819068,0.18758774550819068
2026-05,0.015039718299810071,0.010343549379090381,True,0.6666666666666667,0.014373051633143405,0.014373051633143405
2026-06,-0.2381382012853533,0.006508308066550167,True,0.4,-0.2385382012853533,-0.2385382012853533
