Ticker,min,max,count
A,2016-01-04,2026-08-28,2674
AA,2016-01-04,2026-08-28,2678
AAL,2016-01-04,2026-08-28,2675
AAOI,2016-01-04,2026-08-28,2678
AAP,2026-01-26,2026-05-18,79
AAPL,2016-01-04,2026-08-28,2674
ABBV,2016-01-04,2026-08-28,2674
ABCL,2020-12-11,2026-08-28,1433
ABEV,2016-01-04,2026-08-28,2676
ABNB,2020-12-10,2026-08-28,1430
ABT,2016-01-04,2026-08-28,2674
ABVX,2023-10-20,2026-08-28,714
ACGL,2016-01-04,2026-08-28,2674
ACGLO,2017-08-21,2026-08-28,2267
ACHR,2020-12-18,2026-08-28,1428
ACN,2016-01-04,2026-08-28,2674
ADBE,2016-01-04,2026-08-28,2674
ADI,2016-01-04,2026-08-28,2674
ADM,2016-01-04,2026-08-28,2674
ADP,2016-01-04,2026-08-28,2674
ADSK,2016-01-04,2026-08-28,2674
ADT,2018-01-19,2026-08-28,2163
AEE,2016-01-04,2026-08-28,2674
AEG,2016-01-04,2026-08-28,2678
AEIS,2016-01-04,2026-08-28,2678
AEM,2016-01-04,2026-08-28,2678
AEO,2016-01-04,2026-08-28,2678
AEP,2016-01-04,2026-08-28,2674
AER,2016-01-04,2026-08-28,2675
AES,2016-01-04,2026-08-28,2674
AFG,2016-01-04,2026-08-28,2675
AFL,2016-01-04,2026-08-28,2674
AFRM,2021-01-13,2026-08-28,1412
AFX,2016-01-04,2020-01-24,476
AG,2016-01-04,2026-08-28,2678
AGI,2016-01-04,2026-08-28,2678
AGNC,2016-01-04,2026-08-28,2678
AHR,2024-02-07,2026-08-28,638
AIG,2016-01-04,2026-08-28,2674
AIT,2016-01-04,2026-08-28,2678
AIZ,2016-01-04,2026-08-28,2674
AJG,2016-01-04,2026-08-28,2674
AKAM,2016-01-04,2026-08-28,2674
ALAB,2024-03-20,2026-08-28,612
ALB,2016-01-04,2026-08-28,2674
ALC,2019-04-09,2026-08-28,1857
ALGN,2016-01-04,2026-08-28,2674
ALHC,2021-03-26,2026-08-28,1361
ALL,2016-01-04,2026-08-28,2674
ALL-PB,2018-09-06,2026-08-28,2005
ALL-PH,2019-08-02,2026-08-28,1776
ALLE,2016-01-04,2026-08-28,2674
ALLY,2016-01-04,2026-08-28,2678
ALM,2016-01-04,2026-08-28,2678
ALNY,2026-01-26,2026-08-28,87
ALV,2016-01-04,2026-05-18,2608
AM,2017-05-04,2026-08-28,2280
AMAT,2016-01-04,2026-08-28,2674
AMC,2016-01-04,2026-08-28,2678
AMCR,2016-01-04,2026-08-28,2674
AMD,2016-01-04,2026-08-28,2674
AMDL,2024-03-18,2026-05-18,544
AME,2016-01-04,2026-08-28,2674
AMGN,2016-01-04,2026-08-28,2674
AMH,2016-01-04,2026-08-28,2675
AMKR,2016-01-04,2026-08-28,2678
AMP,2016-01-04,2026-08-28,2674
AMRZ,2025-06-23,2026-08-28,298
AMS,2016-01-04,2026-05-18,2608
AMT,2016-01-04,2026-08-28,2674
AMX,2016-01-04,2026-08-28,2678
AMZN,2016-01-04,2026-08-28,2674
ANA,2018-07-05,2022-03-02,917
ANET,2016-01-04,2026-08-28,2674
AON,2016-01-04,2026-08-28,2674
AOS,2016-01-04,2026-08-17,2666
APA,2016-01-04,2026-08-28,2674
APD,2016-01-04,2026-08-28,2674
APG,2020-04-29,2026-08-28,1588
APH,2016-01-04,2026-08-28,2674
APLD,2022-04-13,2026-08-28,1097
APO,2016-01-04,2026-08-28,2674
APP,2021-04-15,2026-08-28,1349
APTV,2016-01-04,2026-08-17,2666
AR,2016-01-04,2026-08-28,2678
ARCC,2016-01-04,2026-08-28,2678
ARE,2016-01-04,2026-08-17,2666
ARES,2026-01-26,2026-08-28,87
ARGX,2017-05-18,2026-08-28,2332
ARM,2023-09-14,2026-08-28,741
ARMK,2016-01-04,2026-08-28,2678
ARW,2016-01-04,2026-08-28,2678
ARWR,2016-01-04,2026-08-28,2678
ARXS,2026-04-16,2026-08-28,93
AS,2024-02-01,2026-08-28,642
ASML,2016-01-04,2026-08-28,2616
ASND,2016-01-04,2026-08-28,2675
ASTS,2019-11-01,2026-08-28,1713
ASX,2016-01-04,2026-08-28,2678
ATI,2016-01-04,2026-08-28,2675
ATO,2016-01-04,2026-08-28,2674
AU,2016-01-04,2026-08-28,2678
AUR,2021-05-10,2026-08-28,1332
AVB,2016-01-04,2026-08-17,2666
AVGO,2016-01-04,2026-08-28,2674
AVY,2016-01-04,2026-08-28,2674
AWK,2016-01-04,2026-08-28,2674
AWR,2026-01-26,2026-05-18,79
AXON,2016-01-04,2026-08-28,2674
AXP,2016-01-04,2026-08-28,2674
AXSM,2016-01-04,2026-08-28,2678
AXTI,2016-01-04,2026-08-28,2678
AYI,2016-01-04,2026-08-28,2678
AZN,2016-01-04,2026-08-28,2628
AZO,2016-01-04,2026-08-28,2674
B,2016-01-04,2026-08-28,2678
BA,2016-01-04,2026-08-28,2674
BABA,2016-01-04,2026-08-28,2678
BAC,2016-01-04,2026-08-28,2674
BAC-PB,2018-05-08,2026-08-28,2089
BAC-PE,2016-01-04,2026-08-28,2679
BAC-PK,2018-07-18,2026-08-28,2040
BALL,2016-01-04,2026-08-28,2674
BAM,2022-12-01,2026-08-28,935
BAP,2016-01-04,2026-08-28,2678
BAX,2016-01-04,2026-08-28,2674
BB,2016-01-04,2026-08-28,2678
BBAR,2016-01-04,2026-05-18,2608
BBD,2016-01-04,2026-08-28,2678
BBDO,2016-01-04,2026-08-28,2675
BBIO,2019-06-27,2026-08-28,1802
BBVA,2016-01-04,2026-08-28,2616
BBY,2016-01-04,2026-08-28,2674
BCE,2016-01-04,2026-08-28,2675
BCH,2016-01-04,2026-08-28,2678
BCS,2016-01-04,2026-08-28,2675
BDX,2016-01-04,2026-08-28,2674
BE,2018-07-25,2026-08-28,2034
BEKE,2020-08-13,2026-08-28,1517
BEN,2016-01-04,2026-08-28,2674
BEP,2016-01-04,2026-08-28,2678
BF-A,2016-01-04,2026-08-28,2678
BF-B,2016-01-04,2026-08-28,2675
BG,2016-01-04,2026-08-28,2674
BHP,2016-01-04,2026-08-28,2628
BIDU,2016-01-04,2026-08-28,2678
BIIB,2016-01-04,2026-08-28,2674
BIO,2016-01-04,2026-08-17,2667
BIP,2016-01-04,2026-08-28,2678
BJ,2018-06-28,2026-08-28,2052
BK,2016-01-04,2026-05-28,2613
BKD,2016-01-04,2026-08-28,2675
BKNG,2016-01-04,2026-08-28,2674
BKR,2016-01-04,2026-08-28,2674
BKT,2016-01-04,2026-05-18,2608
BLDR,2016-01-04,2026-08-17,2666
BLK,2016-01-04,2026-08-28,2674
BMA,2016-01-04,2026-05-18,2608
BML-PG,2016-01-04,2026-08-28,2679
BML-PH,2016-01-04,2026-08-28,2679
BML-PJ,2016-01-04,2026-08-28,2679
BML-PL,2016-01-04,2026-08-28,2679
BMNR,2025-06-05,2026-08-28,309
BMO,2016-01-04,2026-08-28,2678
BMRN,2016-01-04,2026-08-28,2676
BMY,2016-01-04,2026-08-28,2674
BN,2016-01-04,2026-08-28,2616
BNS,2016-01-04,2026-08-28,2678
BNT,2021-06-28,2026-08-28,1295
BNTX,2019-10-10,2026-08-28,1729
BNY,2016-01-04,2026-08-28,2677
BOSSY,2016-01-04,2026-05-18,2605
BP,2016-01-04,2026-08-28,2678
BPOP,2016-01-04,2026-08-28,2675
BPYPP,2019-03-14,2026-08-28,1872
BR,2016-01-04,2026-08-28,2674
BRK-A,2016-01-04,2026-08-28,2678
BRK-B,2016-01-04,2026-08-28,2678
BRKB.VI,2018-05-16,2026-08-17,2087
BRO,2016-01-04,2026-08-28,2674
BSAC,2016-01-04,2026-08-28,2678
BSBR,2016-01-04,2026-08-28,2678
BSP,2026-07-01,2026-08-28,38
BSX,2016-01-04,2026-08-28,2674
BSY,2020-09-23,2026-08-28,1489
BTDR,2021-07-28,2026-08-28,1277
BTE,2016-01-04,2026-08-28,2678
BTG,2016-01-04,2026-08-28,2678
BTI,2016-01-04,2026-08-28,2678
BTSG,2024-01-26,2026-08-28,649
BUD,2016-01-04,2026-08-28,2678
BULL,2022-08-22,2026-08-28,1008
BURL,2026-01-26,2026-08-28,87
BWA,2016-01-04,2026-08-28,2678
BWXT,2016-01-04,2026-08-28,2678
BX,2016-01-04,2026-08-28,2674
BXP,2016-01-04,2026-08-28,2674
C,2016-01-04,2026-08-28,2674
CACI,2016-01-04,2026-08-28,2675
CAG,2016-01-04,2026-08-28,2674
CAH,2016-01-04,2026-08-28,2674
CARR,2020-03-19,2026-08-28,1615
CART,2023-09-19,2026-08-28,735
CASY,2016-01-04,2026-08-28,2678
CAT,2016-01-04,2026-08-28,2674
CAVA,2023-06-15,2026-08-28,802
CB,2016-01-04,2026-08-28,2674
CBK,2025-10-02,2026-05-18,157
CBOE,2016-01-04,2026-08-28,2674
CBRE,2016-01-04,2026-08-28,2674
CBRS,2026-05-14,2026-08-28,73
CCC,2020-10-05,2026-08-28,1479
CCEP,2016-01-04,2026-08-28,2678
CCI,2016-01-04,2026-08-28,2674
CCJ,2016-01-04,2026-08-28,2678
CCK,2016-01-04,2026-08-28,2676
CCL,2016-01-04,2026-08-28,2674
CDE,2016-01-04,2026-08-28,2678
CDNS,2016-01-04,2026-08-28,2674
CDW,2016-01-04,2026-08-28,2674
CE,2016-01-04,2026-08-17,2667
CEG,2022-01-19,2026-08-28,1152
CELH,2016-01-04,2026-08-28,2678
CEPU,2018-02-02,2026-05-18,2083
CF,2016-01-04,2026-08-28,2674
CFG,2016-01-04,2026-08-28,2674
CFR,2016-01-04,2026-08-28,2678
CG,2016-01-04,2026-08-28,2676
CGNX,2016-01-04,2026-08-28,2678
CHD,2016-01-04,2026-08-28,2674
CHKP,2016-01-04,2026-08-28,2675
CHRW,2016-01-04,2026-08-28,2674
CHT,2016-01-04,2026-08-28,2678
CHTR,2016-01-04,2026-08-28,2674
CHYM,2025-06-12,2026-08-28,304
CI,2016-01-04,2026-08-28,2674
CIB,2016-01-04,2026-08-28,2675
CIEN,2026-01-26,2026-08-28,87
CIFR,2020-10-20,2026-08-28,1470
CINF,2016-01-04,2026-08-28,2674
CL,2016-01-04,2026-08-28,2674
CLF,2016-01-04,2026-08-28,2678
CLH,2016-01-04,2026-08-28,2675
CLS,2016-01-04,2026-08-28,2678
CLSK,2016-11-16,2026-08-28,2457
CLX,2016-01-04,2026-08-28,2674
CM,2016-01-04,2026-08-28,2678
CMCSA,2016-01-04,2026-08-28,2674
CME,2016-01-04,2026-08-28,2674
CMG,2016-01-04,2026-08-28,2673
CMI,2016-01-04,2026-08-28,2674
CMS,2016-01-04,2026-08-28,2674
CNA,2016-01-04,2026-08-28,2675
CNC,2016-01-04,2026-08-28,2674
CNDL,2016-01-04,2026-05-11,2603
CNH,2016-01-04,2026-08-28,2678
CNI,2016-01-04,2026-08-28,2675
CNP,2016-01-04,2026-08-28,2674
CNQ,2016-01-04,2026-08-28,2678
COF,2016-01-04,2026-08-28,2674
COHR,2016-01-04,2026-08-28,2678
COIN,2026-01-26,2026-08-28,87
COKE,2016-01-04,2026-08-28,2678
COMP,2021-04-01,2026-08-28,1358
CON,2024-07-25,2026-05-18,455
COO,2016-01-04,2026-08-28,2674
COP,2016-01-04,2026-08-28,2674
COR,2016-01-04,2026-08-28,2674
CORT,2016-01-04,2026-08-28,2678
CORZ,2024-01-24,2026-08-28,651
COST,2016-01-04,2026-08-28,2674
CP,2016-01-04,2026-08-28,2675
CPAY,2016-01-04,2026-08-28,2674
CPB,2016-01-04,2026-08-17,2666
CPNG,2021-03-11,2026-08-28,1373
CPRT,2016-01-04,2026-08-28,2674
CPT,2016-01-04,2026-08-28,2674
CQP,2016-01-04,2026-08-28,2678
CR,2023-03-29,2026-08-28,854
CRBG,2022-09-16,2026-08-28,990
CRCL,2025-06-05,2026-08-28,309
CRDO,2022-01-27,2026-08-28,1150
CRH,2016-01-04,2026-08-28,2678
CRL,2016-01-04,2026-08-28,2674
CRM,2016-01-04,2026-08-28,2674
CRS,2016-01-04,2026-08-28,2678
CRWD,2019-06-12,2026-08-28,1809
CRWV,2025-03-28,2026-08-28,356
CSCO,2016-01-04,2026-08-28,2674
CSGP,2016-01-04,2026-08-28,2674
CSL,2016-01-04,2026-08-28,2675
CSX,2016-01-04,2026-08-28,2674
CTA-PA,2016-01-04,2026-08-28,2677
CTA-PB,2016-01-04,2026-08-28,2679
CTAS,2016-01-04,2026-08-28,2674
CTRA,2016-01-04,2026-05-07,2601
CTSH,2016-01-04,2026-08-28,2674
CTVA,2019-05-24,2026-08-28,1821
CVE,2016-01-04,2026-08-28,2678
CVNA,2017-04-28,2026-08-28,2295
CVS,2016-01-04,2026-08-28,2674
CVX,2016-01-04,2026-08-28,2674
CW,2016-01-04,2026-08-28,2678
CX,2016-01-04,2026-08-28,2678
CYTK,2016-01-04,2026-08-28,2675
CZR,2016-01-04,2026-08-28,2674
D,2016-01-04,2026-08-28,2674
DAL,2016-01-04,2026-08-28,2674
DASH,2020-12-09,2026-08-28,1431
DAY,2018-04-26,2026-01-23,1947
DB,2016-01-04,2026-08-28,2616
DBX,2018-03-23,2026-08-28,2119
DCI,2016-01-04,2026-08-28,2675
DD,2016-01-04,2026-08-28,2674
DDOG,2019-09-19,2026-08-28,1744
DE,2016-01-04,2026-08-28,2674
DECK,2016-01-04,2026-08-28,2674
DELL,2016-08-17,2026-08-28,2517
DEO,2016-01-04,2026-08-28,2628
DFTX,2016-11-15,2026-08-28,2458
DG,2016-01-04,2026-08-28,2674
DGX,2016-01-04,2026-08-28,2674
DHI,2016-01-04,2026-08-28,2674
DHR,2016-01-04,2026-08-28,2674
DIA,2016-01-04,2026-06-04,2620
DINO,2016-01-04,2026-08-28,2678
DIS,2016-01-04,2026-08-28,2674
DJT,2021-09-30,2026-08-28,1232
DKNG,2019-07-25,2026-08-28,1783
DKS,2016-01-04,2026-08-28,2678
DLR,2016-01-04,2026-08-28,2674
DLR-PJ,2017-08-04,2026-08-28,2277
DLR-PK,2019-03-05,2026-08-28,1883
DLTR,2016-01-04,2026-08-28,2674
DMP,2016-01-27,2019-04-26,13
DNN,2016-01-04,2026-08-28,2678
DOC,2016-01-04,2026-08-28,2674
DOCN,2021-03-24,2026-08-28,1364
DOCU,2018-04-27,2026-08-28,2095
DOV,2016-01-04,2026-08-28,2674
DOW,2019-03-20,2026-08-28,1867
DPZ,2016-01-04,2026-08-28,2674
DRI,2016-01-04,2026-08-28,2674
DRS,2016-01-04,2026-08-28,2678
DT,2019-08-01,2026-08-28,1775
DTE,2016-01-04,2026-08-28,2663
DTE.1,2016-01-04,2026-01-23,2529
DTG,2021-12-01,2026-05-18,1119
DTM,2021-07-01,2026-08-28,1295
DUK,2016-01-04,2026-08-28,2674
DUK-PA,2019-03-26,2026-08-28,1867
DVA,2016-01-04,2026-08-28,2674
DVN,2016-01-04,2026-08-28,2674
DXCM,2016-01-04,2026-08-28,2674
DY,2016-01-04,2026-08-28,2678
E,2016-01-04,2026-08-28,2678
EA,2016-01-04,2026-08-07,2660
EAT,2016-01-04,2026-08-28,2675
EBAY,2016-01-04,2026-08-28,2674
EC,2016-01-04,2026-08-28,2678
ECHO,2016-01-04,2026-08-28,2678
ECL,2016-01-04,2026-08-28,2674
ED,2016-01-04,2026-08-28,2674
EFX,2016-01-04,2026-08-28,2674
EG,2016-01-04,2026-08-28,2674
EGO,2016-01-04,2026-08-28,2676
EGP,2016-01-04,2026-08-28,2678
EHC,2016-01-04,2026-08-28,2678
EIX,2016-01-04,2026-08-28,2674
EL,2016-01-04,2026-08-28,2674
ELAN,2018-09-20,2026-08-28,1994
ELS,2016-01-04,2026-08-28,2678
ELV,2016-01-04,2026-08-28,2674
EMA,2016-01-04,2026-08-28,2678
EMBJ,2016-01-04,2026-08-28,2675
EME,2016-01-04,2026-08-28,2675
EMN,2016-01-04,2026-08-17,2666
EMR,2016-01-04,2026-08-28,2674
ENB,2016-01-04,2026-08-28,2678
ENLT,2023-01-03,2026-08-28,916
ENPH,2016-01-04,2026-08-17,2666
ENR,2016-01-04,2026-05-18,2608
ENSG,2016-01-04,2026-08-28,2678
ENTG,2016-01-04,2026-08-28,2678
EOG,2016-01-04,2026-08-28,2674
EPAM,2016-01-04,2026-08-17,2666
EPD,2026-01-26,2026-08-28,87
EQH,2018-05-10,2026-08-28,2086
EQIX,2016-01-04,2026-08-28,2674
EQNR,2016-01-04,2026-08-28,2678
EQR,2016-01-04,2026-08-17,2666
EQT,2016-01-04,2026-08-28,2674
EQX,2019-01-02,2026-08-28,1924
ERIC,2016-01-04,2026-08-28,2678
ERIE,2016-01-04,2026-08-28,2674
EROC,2026-06-10,2026-08-28,55
ES,2016-01-04,2026-08-28,2674
ESLT,2016-01-04,2026-08-28,2675
ESS,2016-01-04,2026-08-28,2674
ET,2016-01-04,2026-08-28,2678
ETN,2016-01-04,2026-08-28,2674
ETR,2016-01-04,2026-08-28,2674
EVR,2016-01-04,2026-08-28,2678
EVRG,2016-01-04,2026-08-28,2674
EW,2016-01-04,2026-08-28,2674
EWBC,2016-01-04,2026-08-28,2676
EWZ,2016-01-04,2026-05-18,2608
EXC,2016-01-04,2026-08-28,2674
EXE,2021-02-10,2026-08-28,1389
EXEL,2016-01-04,2026-08-28,2675
EXK,2016-01-04,2026-08-28,2678
EXPD,2016-01-04,2026-08-28,2674
EXPE,2016-01-04,2026-08-28,2674
EXR,2016-01-04,2026-08-28,2674
F,2016-01-04,2026-08-28,2674
FANG,2016-01-04,2026-08-28,2674
FAST,2016-01-04,2026-08-28,2674
FCC,2016-01-04,2018-06-28,545
FCNCA,2016-01-04,2026-08-28,2678
FCX,2016-01-04,2026-08-28,2674
FDR,2016-01-27,2018-06-28,22
FDS,2016-01-04,2026-08-17,2666
FDX,2016-01-04,2026-08-28,2674
FDXF,2026-05-27,2026-08-28,65
FE,2016-01-04,2026-08-28,2674
FER,2016-01-04,2026-08-28,2616
FERG,2016-01-04,2026-08-28,2678
FFIV,2016-01-04,2026-08-28,2674
FHN,2016-01-04,2026-08-28,2678
FICO,2016-01-04,2026-08-28,2674
FIE,2016-01-04,2018-01-24,253
FIG,2025-07-31,2026-08-28,271
FIGR,2025-09-11,2026-08-28,242
FIS,2016-01-04,2026-08-28,2674
FISV,2016-01-04,2026-08-28,2677
FITB,2016-01-04,2026-08-28,2674
FIVE,2016-01-04,2026-08-28,2678
FIX,2016-01-04,2026-08-28,2678
FLEX,2016-01-04,2026-08-28,2678
FLUT,2016-01-04,2026-08-28,2675
FLY,2025-08-07,2026-08-28,266
FMC,2026-01-26,2026-05-18,79
FMS,2016-01-04,2026-08-28,2675
FMX,2016-01-04,2026-08-28,2678
FN,2016-01-04,2026-08-28,2678
FNF,2016-01-04,2026-08-28,2678
FNV,2016-01-04,2026-08-28,2678
FOX,2019-03-13,2026-08-28,1872
FOXA,2019-03-12,2026-08-28,1873
FRA,2016-01-04,2026-05-18,2608
FRMI,2025-10-01,2026-08-28,228
FROG,2020-09-16,2026-08-28,1491
FRT,2016-01-04,2026-08-17,2666
FRVO,2026-05-13,2026-08-28,74
FSLR,2016-01-04,2026-08-28,2674
FSLY,2019-05-17,2026-08-28,1830
FTAI,2016-01-04,2026-08-28,2678
FTI,2016-01-04,2026-08-28,2678
FTNT,2016-01-04,2026-08-28,2674
FTS,2016-01-04,2026-08-28,2678
FTV,2016-07-05,2026-08-28,2548
FUTU,2019-03-08,2026-08-28,1879
FWONA,2016-01-04,2026-08-28,2678
FWONK,2016-01-04,2026-08-28,2675
FXI,2016-01-04,2026-05-18,2608
GAP,2016-01-04,2026-08-28,2678
GBF,2016-01-04,2026-05-18,2608
GD,2016-01-04,2026-08-28,2674
GDDY,2016-01-04,2026-08-28,2674
GE,2016-01-04,2026-08-28,2674
GEHC,2022-12-15,2026-08-28,923
GEN,2016-01-04,2026-08-28,2674
GEV,2024-03-27,2026-08-28,603
GFI,2016-01-04,2026-08-28,2678
GFL,2020-03-03,2026-08-28,1631
GFS,2021-10-28,2026-08-28,1212
GGAL,2016-01-04,2026-05-18,2608
GGB,2016-01-04,2026-08-28,2678
GGG,2016-01-04,2026-08-28,2678
GH,2018-10-04,2026-08-28,1984
GIB,2016-01-04,2026-08-28,2675
GIL,2016-01-04,2026-08-28,2616
GILD,2016-01-04,2026-08-28,2674
GIS,2016-01-04,2026-08-28,2674
GKOS,2016-01-04,2026-08-28,2675
GL,2016-01-04,2026-08-28,2674
GLPI,2016-01-04,2026-08-28,2678
GLW,2016-01-04,2026-08-28,2674
GLXY,2025-05-16,2026-08-28,322
GM,2016-01-04,2026-08-28,2674
GMAB,2016-01-04,2026-08-28,2678
GMED,2016-01-04,2026-08-28,2675
GNRC,2016-01-04,2026-08-28,2674
GOOG,2016-01-04,2026-08-28,2674
GOOGL,2016-01-04,2026-08-28,2674
GPC,2016-01-04,2026-08-28,2674
GPN,2016-01-04,2026-08-28,2674
GRAB,2020-12-01,2026-08-28,1441
GRF,2016-01-04,2026-05-18,2607
GRMN,2016-01-04,2026-08-28,2674
GS,2016-01-04,2026-08-28,2674
GS-PA,2016-01-04,2026-08-28,2678
GS-PD,2016-01-04,2026-08-28,2679
GSAT,2016-01-04,2026-08-28,2678
GSK,2016-01-04,2026-08-28,2678
GWRE,2016-01-04,2026-08-28,2678
GWW,2016-01-04,2026-08-28,2674
GXO,2026-01-26,2026-05-18,79
H,2016-01-04,2026-08-28,2678
HAL,2016-01-04,2026-08-28,2674
HALO,2016-01-04,2026-08-28,2676
HAS,2016-01-04,2026-08-28,2674
HBAN,2016-01-04,2026-08-28,2674
HBM,2016-01-04,2026-08-28,2678
HCA,2016-01-04,2026-08-28,2674
HD,2016-01-04,2026-08-28,2674
HDB,2016-01-04,2026-08-28,2678
HEI,2016-01-04,2026-08-28,2616
HEI-A,2016-01-04,2026-08-28,2678
HEN,2016-01-04,2018-01-24,314
HIG,2016-01-04,2026-08-28,2674
HIG-PG,2018-10-31,2026-08-28,1966
HII,2016-01-04,2026-08-28,2674
HIMS,2019-09-13,2026-08-28,1748
HL,2016-01-04,2026-08-28,2678
HLN,2022-07-25,2026-08-28,1028
HLT,2016-01-04,2026-08-28,2674
HMC,2016-01-04,2026-08-28,2678
HMY,2016-01-04,2026-08-28,2678
HOLX,2016-01-04,2026-01-23,2529
HON,2016-01-04,2026-08-28,2674
HONA,2026-06-15,2026-08-28,52
HOOD,2021-07-29,2026-08-28,1276
HPE,2016-01-04,2026-08-28,2674
HPQ,2016-01-04,2026-08-28,2674
HRB,2016-01-04,2026-08-28,2678
HRL,2016-01-04,2026-08-28,2674
HSAI,2023-02-09,2026-08-28,890
HSBC,2016-01-04,2026-08-28,2675
HSIC,2016-01-04,2026-08-17,2666
HST,2016-01-04,2026-08-28,2674
HSY,2016-01-04,2026-08-28,2674
HTHT,2016-01-04,2026-08-28,2678
HUBB,2016-01-04,2026-08-28,2674
HUBS,2016-01-04,2026-08-28,2678
HUM,2016-01-04,2026-08-28,2674
HUT,2018-03-08,2026-08-28,2130
HWM,2016-11-01,2026-08-28,2464
HYG,2016-01-04,2026-05-18,2608
IAG,2016-01-04,2026-08-28,2678
IBE,2016-01-27,2018-06-28,105
IBIT,2024-01-11,2026-05-18,589
IBKR,2016-01-04,2026-08-28,2678
IBM,2016-01-04,2026-08-28,2674
IBN,2016-01-04,2026-08-28,2675
ICE,2016-01-04,2026-08-28,2674
ICLR,2016-01-04,2026-08-28,2678
IDR,2016-01-04,2026-05-18,2608
IDXX,2016-01-04,2026-08-28,2674
IESC,2016-01-04,2026-08-28,2675
IEX,2016-01-04,2026-08-28,2674
IFF,2016-01-04,2026-08-28,2674
IFX,2016-01-04,2018-02-28,543
IHG,2016-01-04,2026-08-28,2678
ILMN,2026-01-26,2026-08-28,87
IMO,2016-01-04,2026-08-28,2675
INCY,2016-01-04,2026-08-28,2674
INFQ,2026-02-17,2026-08-28,134
INFY,2016-01-04,2026-08-28,2678
ING,2016-01-04,2026-08-28,2678
INGA,2016-01-04,2018-02-28,479
INIO,2026-06-08,2026-08-28,57
INSM,2016-01-04,2026-08-28,2675
INTC,2016-01-04,2026-08-28,2674
INTR,2022-06-23,2026-08-28,1048
INTU,2016-01-04,2026-08-28,2674
INVH,2017-02-01,2026-08-28,2402
IONQ,2021-01-04,2026-08-28,1419
IOT,2021-12-15,2026-08-28,1179
IOVA,2016-01-04,2026-08-28,2678
IP,2016-01-04,2026-08-28,2674
IPG,2016-01-04,2025-11-26,2491
IQV,2016-01-04,2026-08-28,2674
IR,2017-05-12,2026-08-28,2332
IREN,2021-11-17,2026-08-28,1198
IRM,2016-01-04,2026-08-28,2674
ISRG,2016-01-04,2026-08-28,2674
IT,2016-01-04,2026-08-28,2674
ITT,2016-01-04,2026-08-28,2675
ITUB,2016-01-04,2026-08-28,2678
ITW,2016-01-04,2026-08-28,2674
IVZ,2016-01-04,2026-08-28,2674
IWM,2016-01-04,2026-06-04,2620
IX,2016-01-04,2026-08-28,2678
J,2016-01-04,2026-08-28,2674
JAZZ,2016-01-04,2026-08-28,2675
JBHT,2016-01-04,2026-08-28,2674
JBL,2016-01-04,2026-08-28,2674
JBLU,2016-01-04,2026-08-28,2678
JBS,2025-06-13,2026-08-28,300
JCI,2016-01-04,2026-08-28,2674
JD,2016-01-04,2026-08-28,2678
JEF,2016-01-04,2026-08-28,2675
JHX,2016-01-04,2026-08-28,2676
JKHY,2016-01-04,2026-08-28,2674
JLL,2016-01-04,2026-08-28,2678
JNJ,2016-01-04,2026-08-28,2674
JOBY,2020-11-09,2026-08-28,1456
JPM,2016-01-04,2026-08-28,2674
JPM-PC,2019-01-18,2026-08-28,1912
JPM-PD,2018-09-19,2026-08-28,1996
K,2016-01-04,2025-12-10,2500
KB,2016-01-04,2026-08-28,2678
KBX,2018-10-12,2018-10-17,4
KDP,2016-01-04,2026-08-28,2674
KEEL,2019-08-16,2026-08-28,1767
KEP,2016-01-04,2026-08-28,2678
KEY,2016-01-04,2026-08-28,2674
KEY-PI,2016-12-07,2026-08-28,2444
KEY-PJ,2018-07-24,2026-08-28,2035
KEY-PK,2019-04-23,2026-08-28,1849
KEYS,2016-01-04,2026-08-28,2674
KGC,2016-01-04,2026-08-28,2678
KHC,2016-01-04,2026-08-28,2674
KIM,2016-01-04,2026-08-28,2674
KKR,2016-01-04,2026-08-28,2674
KLAC,2016-01-04,2026-08-28,2674
KMB,2016-01-04,2026-08-28,2674
KMI,2016-01-04,2026-08-28,2674
KMX,2016-01-04,2026-08-17,2666
KNTK,2026-01-26,2026-05-18,79
KNX,2016-01-04,2026-08-28,2675
KO,2016-01-04,2026-08-28,2674
KOF,2016-01-04,2026-08-28,2678
KR,2016-01-04,2026-08-28,2674
KSPI,2024-01-19,2026-08-28,654
KTOS,2016-01-04,2026-08-28,2678
KVUE,2023-05-04,2026-08-28,828
KVYO,2023-09-20,2026-08-28,736
KWEB,2016-01-04,2026-05-18,2608
L,2016-01-04,2026-08-28,2674
LAMR,2016-01-04,2026-08-28,2675
LCID,2020-09-18,2026-08-28,1492
LDOS,2016-01-04,2026-08-28,2674
LECO,2016-01-04,2026-08-28,2678
LEN,2016-01-04,2026-08-28,2674
LEN-B,2016-01-04,2026-08-28,2678
LFUS,2016-01-04,2026-08-28,2678
LGN,2025-09-12,2026-08-28,241
LH,2016-01-04,2026-08-28,2674
LHX,2016-01-04,2026-08-28,2674
LI,2020-07-30,2026-08-28,1527
LII,2016-01-04,2026-08-28,2674
LIN,2016-01-04,2026-08-28,2674
LITE,2016-01-04,2026-08-28,2678
LKQ,2016-01-04,2026-08-17,2666
LLY,2016-01-04,2026-08-28,2674
LMT,2016-01-04,2026-08-28,2674
LNG,2016-01-04,2026-08-28,2677
LNT,2016-01-04,2026-08-28,2674
LOG,2016-01-04,2022-03-02,1544
LOGI,2016-01-04,2026-08-28,2678
LOMA,2017-11-01,2026-05-18,2146
LOW,2016-01-04,2026-08-28,2674
LPLA,2016-01-04,2026-08-28,2678
LQD,2016-01-04,2026-05-18,2608
LRCX,2016-01-04,2026-08-28,2674
LSCC,2016-01-04,2026-08-28,2678
LSTR,2026-01-26,2026-05-18,79
LTM,2024-07-25,2026-08-28,525
LULU,2016-01-04,2026-08-28,2674
LUMN,2016-01-04,2026-08-28,2678
LUNR,2021-11-17,2026-08-28,1198
LUV,2016-01-04,2026-08-28,2674
LVS,2016-01-04,2026-08-28,2674
LW,2016-11-10,2026-08-17,2449
LYB,2016-01-04,2026-08-28,2674
LYFT,2019-03-29,2026-08-28,1864
LYG,2016-01-04,2026-08-28,2678
LYV,2016-01-04,2026-08-28,2674
MA,2016-01-04,2026-08-28,2674
MAA,2016-01-04,2026-08-28,2674
MAA-PI,2016-12-07,2026-08-28,2441
MAIR,2026-04-16,2026-08-28,93
MANH,2016-01-04,2026-08-28,2678
MAR,2016-01-04,2026-08-28,2674
MARA,2016-01-04,2026-08-28,2678
MAS,2016-01-04,2026-08-28,2674
MBG,2016-01-04,2026-05-11,2603
MCD,2016-01-04,2026-08-28,2674
MCHP,2016-01-04,2026-08-28,2674
MCK,2016-01-04,2026-08-28,2674
MCO,2016-01-04,2026-08-28,2674
MDB,2017-10-19,2026-08-28,2225
MDGL,2016-01-04,2026-08-28,2675
MDLN,2025-12-17,2026-08-28,174
MDLZ,2016-01-04,2026-08-28,2674
MDT,2016-01-04,2026-08-28,2674
MEDP,2016-08-11,2026-08-28,2523
MELI,2026-01-26,2026-08-28,87
MET,2016-01-04,2026-08-28,2674
MET-PA,2016-01-04,2026-08-28,2679
MET-PE,2018-06-01,2026-08-28,2072
META,2016-01-04,2026-08-28,2674
MFC,2016-01-04,2026-08-28,2675
MFG,2016-01-04,2026-08-28,2678
MGA,2016-01-04,2026-08-28,2675
MGM,2016-01-04,2026-08-28,2674
MHK,2016-01-04,2026-08-17,2666
MICC,2025-12-08,2026-08-28,181
MKC,2016-01-04,2026-08-28,2674
MKC-V,2016-01-04,2026-08-28,2678
MKL,2016-01-04,2026-08-28,2678
MKSI,2016-01-04,2026-08-28,2678
MKTX,2016-01-04,2026-08-17,2666
MLI,2016-01-04,2026-08-28,2675
MLM,2016-01-04,2026-08-28,2674
MMC,2016-01-04,2026-01-23,2529
MMM,2016-01-04,2026-08-28,2674
MNST,2016-01-04,2026-08-28,2674
MO,2016-01-04,2026-08-28,2674
MOD,2016-01-04,2026-08-28,2675
MOG-A,2016-01-04,2026-08-28,2678
MOH,2016-01-04,2026-08-28,2674
MOS,2016-01-04,2026-08-28,2674
MP,2020-06-22,2026-08-28,1554
MPC,2016-01-04,2026-08-28,2674
MPLX,2026-01-26,2026-08-28,87
MPT,2016-01-04,2026-08-28,2677
MPWR,2016-01-04,2026-08-28,2674
MRK,2016-01-04,2026-08-28,2674
MRNA,2018-12-07,2026-08-28,1936
MRSH,2016-01-04,2026-08-28,2678
MRVL,2016-01-04,2026-08-28,2678
MS,2016-01-04,2026-08-28,2674
MS-PA,2016-01-04,2026-08-28,2678
MS-PE,2016-01-04,2026-08-28,2679
MS-PF,2016-01-04,2026-08-28,2679
MS-PI,2016-01-04,2026-08-28,2677
MS-PK,2017-01-25,2026-08-28,2412
MSCI,2016-01-04,2026-08-28,2674
MSFT,2016-01-04,2026-08-28,2674
MSI,2016-01-04,2026-08-28,2674
MSTR,2016-01-04,2026-08-28,2678
MSTU,2024-09-18,2026-05-18,417
MSTZ,2024-09-18,2026-05-18,417
MT,2016-01-04,2026-08-28,2616
MTB,2016-01-04,2026-08-28,2674
MTCH,2016-01-04,2026-08-17,2666
MTD,2016-01-04,2026-08-28,2674
MTSI,2016-01-04,2026-08-28,2677
MTZ,2016-01-04,2026-08-28,2677
MU,2016-01-04,2026-08-28,2674
MUFG,2016-01-04,2026-08-28,2676
MUV,2016-01-04,2021-09-30,1429
NBIS,2024-10-21,2026-08-28,464
NBIX,2016-01-04,2026-08-28,2678
NCLH,2016-01-04,2026-08-28,2674
NDAQ,2016-01-04,2026-08-28,2674
NDSN,2016-01-04,2026-08-28,2674
NEE,2016-01-04,2026-08-28,2674
NEM,2016-01-04,2026-08-28,2616
NEM.1,2016-01-04,2026-01-23,2529
NET,2026-01-26,2026-08-28,87
NFLX,2016-01-04,2026-08-28,2674
NG,2016-01-04,2026-08-28,2677
NGG,2016-01-04,2026-08-28,2678
NI,2016-01-04,2026-08-28,2674
NIO,2018-09-12,2026-08-28,2000
NKE,2016-01-04,2026-08-28,2674
NLY,2016-01-04,2026-08-28,2678
NLY-PF,2017-07-27,2026-08-28,2283
NLY-PG,2018-01-09,2026-08-28,2171
NMR,2016-01-04,2026-08-28,2675
NNN,2016-01-04,2026-05-18,2608
NOC,2016-01-04,2026-08-28,2674
NOK,2016-01-04,2026-08-28,2678
NOV,2026-01-26,2026-05-18,79
NOW,2016-01-04,2026-08-28,2674
NRG,2016-01-04,2026-08-28,2674
NSC,2016-01-04,2026-08-28,2674
NTAP,2016-01-04,2026-08-28,2674
NTES,2016-01-04,2026-08-28,2676
NTNX,2016-09-30,2026-08-28,2490
NTR,2026-01-26,2026-08-28,87
NTRA,2016-01-04,2026-08-28,2678
NTRS,2016-01-04,2026-08-28,2674
NU,2021-12-09,2026-08-28,1183
NUE,2016-01-04,2026-08-28,2674
NVDA,2016-01-04,2026-08-28,2674
NVDL,2022-12-13,2026-05-18,859
NVDQ,2023-10-19,2026-05-18,646
NVDX,2023-10-19,2026-05-18,646
NVMI,2016-01-04,2026-08-28,2678
NVO,2016-01-04,2026-08-28,2678
NVR,2016-01-04,2026-08-28,2674
NVS,2016-01-04,2026-08-28,2678
NVT,2018-04-24,2026-08-28,2098
NVTS,2021-10-20,2026-08-28,1218
NWG,2016-01-04,2026-08-28,2678
NWL,2016-01-04,2026-08-28,2678
NWS,2016-01-04,2026-08-28,2674
NWSA,2016-01-04,2026-08-28,2674
NXPI,2016-01-04,2026-08-28,2674
NXT,2023-02-09,2026-08-28,888
O,2016-01-04,2026-08-28,2674
OC,2016-01-04,2026-08-28,2678
OCTV,2026-05-21,2026-08-28,66
ODFL,2016-01-04,2026-08-28,2674
OGN,2021-05-14,2026-08-28,1328
OGS,2026-01-26,2026-05-18,79
OHB,2016-01-04,2021-08-04,1401
OHI,2016-01-04,2026-08-28,2678
OKE,2016-01-04,2026-08-28,2674
OKLO,2021-07-08,2026-08-28,1291
OKTA,2026-01-26,2026-08-28,87
OMC,2016-01-04,2026-08-28,2674
ON,2016-01-04,2026-08-28,2674
ONB,2016-01-04,2026-08-28,2678
ONC,2016-02-03,2026-08-28,2657
ONDS,2020-12-04,2026-08-28,1438
ONON,2021-09-15,2026-08-28,1243
ONTO,2019-10-28,2026-08-28,1716
OPEN,2020-06-18,2026-08-28,1556
ORCL,2016-01-04,2026-08-28,2674
ORLY,2016-01-04,2026-08-28,2674
OSCR,2021-03-03,2026-08-28,1379
OTIS,2020-03-19,2026-08-28,1615
OVV,2016-01-04,2026-08-28,2675
OWL,2026-01-26,2026-08-28,87
OXY,2016-01-04,2026-08-28,2674
P,2016-01-04,2026-08-28,2678
PAA,2016-01-04,2026-08-28,2678
PAAS,2016-01-04,2026-08-28,2678
PAC,2016-01-04,2026-08-28,2678
PAG,2016-01-04,2026-08-28,2678
PAGS,2018-01-24,2026-08-28,2157
PANW,2016-01-04,2026-08-28,2674
PATH,2021-04-21,2026-08-28,1345
PAYC,2016-01-04,2026-08-17,2666
PAYO,2020-10-16,2026-08-28,1472
PAYX,2016-01-04,2026-08-28,2674
PBA,2016-01-04,2026-08-28,2678
PBR,2016-01-04,2026-08-28,2678
PBR-A,2016-01-04,2026-08-28,2678
PCAR,2016-01-04,2026-08-28,2674
PCG,2016-01-04,2026-08-28,2674
PDD,2018-07-26,2026-08-28,2033
PEG,2016-01-04,2026-08-28,2674
PEN,2016-01-04,2026-08-28,2678
PEP,2016-01-04,2026-08-28,2674
PFE,2016-01-04,2026-08-28,2674
PFG,2016-01-04,2026-08-28,2674
PFGC,2016-01-04,2026-08-28,2678
PG,2016-01-04,2026-08-28,2674
PGR,2016-01-04,2026-08-28,2674
PH,2016-01-04,2026-08-28,2674
PHG,2016-01-04,2026-08-28,2675
PHM,2016-01-04,2026-08-28,2674
PHYS,2016-01-04,2026-08-28,2678
PINS,2019-04-18,2026-08-28,1850
PKG,2016-01-04,2026-08-28,2674
PKX,2016-01-04,2026-08-28,2678
PLD,2016-01-04,2026-08-28,2674
PLTR,2020-09-30,2026-08-28,1480
PLUG,2016-01-04,2026-08-28,2678
PM,2016-01-04,2026-08-28,2674
PNC,2016-01-04,2026-08-28,2674
PNFP,2016-01-04,2026-08-28,2675
PNR,2016-01-04,2026-08-28,2674
PNW,2016-01-04,2026-08-28,2674
PODD,2016-01-04,2026-08-17,2666
POOL,2016-01-04,2026-08-17,2666
PPG,2016-01-04,2026-08-28,2674
PPL,2016-01-04,2026-08-28,2674
PR,2016-04-15,2026-08-28,2607
PRAX,2020-10-16,2026-08-28,1469
PRU,2016-01-04,2026-08-28,2674
PRX,2018-05-22,2020-01-24,4
PS,2026-04-29,2026-08-28,84
PSA,2016-01-04,2026-08-28,2674
PSA-PH,2019-03-01,2026-08-28,1885
PSA-PK,2019-12-12,2026-08-28,1684
PSKY,2016-01-04,2026-08-28,2678
PSLV,2016-01-04,2026-08-28,2678
PSTG,2026-01-26,2026-05-11,74
PSX,2016-01-04,2026-08-28,2674
PTC,2016-01-04,2026-08-28,2674
PTEN,2016-01-04,2026-08-28,2678
PTON,2019-09-26,2026-08-28,1739
PUBGY,2026-01-26,2026-05-18,79
PUK,2016-01-04,2026-08-28,2678
PUM,2016-01-04,2017-12-19,371
PWR,2016-01-04,2026-08-28,2674
PYPL,2016-01-04,2026-08-28,2674
Q,2025-10-27,2026-08-28,210
QBTS,2020-12-11,2026-08-28,1433
QCOM,2016-01-04,2026-08-28,2674
QNT,2026-06-04,2026-08-28,59
QQQ,2016-01-04,2026-05-18,2608
QRVO,2016-01-04,2026-06-03,2619
QS,2020-08-17,2026-08-28,1515
QSR,2026-01-26,2026-08-28,87
QUBT,2016-01-04,2026-08-28,2678
QXO,2016-01-04,2026-08-28,2678
RACE,2026-01-26,2026-08-28,87
RBA,2016-01-04,2026-08-28,2678
RBC,2016-01-04,2026-08-28,2678
RBLX,2026-01-26,2026-08-28,87
RBRK,2024-04-25,2026-08-28,587
RCI,2016-01-04,2026-08-28,2675
RCL,2016-01-04,2026-08-28,2674
RDDT,2026-01-26,2026-08-28,87
RDW,2021-01-14,2026-08-28,1411
RDY,2016-01-04,2026-08-28,2676
RED,2021-02-04,2022-03-02,266
REG,2016-01-04,2026-08-28,2674
REGN,2016-01-04,2026-08-28,2674
RELX,2016-01-04,2026-08-28,2675
REP,2016-01-11,2018-06-28,240
RF,2016-01-04,2026-08-28,2674
RF-PC,2019-04-24,2026-08-28,1846
RGA,2016-01-04,2026-08-28,2678
RGLD,2016-01-04,2026-08-28,2678
RGTI,2021-04-22,2026-08-28,1344
RHM,2020-11-13,2023-11-02,747
RIG,2016-01-04,2026-08-28,2678
RIO,2016-01-04,2026-08-28,2628
RIOT,2016-03-31,2026-08-28,2618
RIVN,2021-11-10,2026-08-28,1203
RJF,2016-01-04,2026-08-28,2674
RKLB,2020-11-24,2026-08-28,1445
RKT,2020-08-06,2026-08-28,1522
RL,2016-01-04,2026-08-28,2674
RMBS,2016-01-04,2026-08-28,2678
RMD,2016-01-04,2026-08-28,2674
RNR,2016-01-04,2026-08-28,2678
RNW,2021-02-01,2026-08-28,1400
ROIV,2020-12-08,2026-08-28,1436
ROK,2016-01-04,2026-08-28,2674
ROKU,2017-09-28,2026-08-28,2239
ROL,2016-01-04,2026-08-28,2674
ROP,2016-01-04,2026-08-28,2674
ROST,2016-01-04,2026-08-28,2674
RPM,2026-01-26,2026-08-28,87
RPRX,2020-06-16,2026-08-28,1558
RRX,2016-01-04,2026-08-28,2678
RS,2016-01-04,2026-08-28,2678
RSG,2016-01-04,2026-08-28,2674
RTO,2016-01-04,2026-08-28,2678
RTX,2016-01-04,2026-08-28,2674
RUM,2021-04-14,2026-08-28,1349
RUN,2016-01-04,2026-08-28,2678
RVMD,2020-02-13,2026-08-28,1643
RVTY,2016-01-04,2026-08-28,2674
RW,2025-06-18,2026-05-18,230
RY,2016-01-04,2026-08-28,2675
RYAAY,2016-01-04,2026-08-28,2675
RYAN,2021-07-22,2026-08-28,1281
SAB,2020-01-08,2020-01-08,1
SAIA,2026-01-26,2026-05-18,79
SAIL,2025-02-13,2026-08-28,386
SAN,2016-01-04,2026-08-28,2616
SANM,2016-01-04,2026-08-28,2676
SAP,2016-01-04,2026-08-28,2616
SAX,2016-01-04,2018-01-24,421
SBAC,2016-01-04,2026-08-28,2674
SBS,2016-01-04,2026-08-28,2678
SBUX,2016-01-04,2026-08-28,2674
SCCO,2016-01-04,2026-08-28,2677
SCHW,2016-01-04,2026-08-28,2674
SCHW-PD,2016-03-02,2026-08-28,2637
SCI,2016-01-04,2026-08-28,2675
SDF,2016-01-27,2018-02-28,276
SE,2017-10-20,2026-08-28,2224
SEIC,2016-01-04,2026-08-28,2675
SF,2016-01-04,2026-08-28,2675
SGI,2016-01-04,2026-08-28,2675
SHEL,2016-01-04,2026-08-28,2628
SHG,2016-01-04,2026-08-28,2678
SHOP,2026-01-26,2026-08-28,87
SHW,2016-01-04,2026-08-28,2674
SIRI,2016-01-04,2026-08-28,2678
SITM,2019-11-20,2026-08-28,1697
SJM,2016-01-04,2026-08-28,2674
SKHY,2026-07-10,2026-08-28,35
SKM,2016-01-04,2026-08-28,2678
SLB,2016-01-04,2026-08-28,2674
SLF,2016-01-04,2026-08-28,2678
SLS,2016-01-04,2026-08-28,2678
SMCI,2016-01-04,2026-08-28,2674
SMFG,2016-01-04,2026-08-28,2678
SMMT,2016-01-04,2026-08-28,2678
SMR,2022-03-01,2026-08-28,1128
SMST,2024-08-21,2026-05-18,436
SMTC,2016-01-04,2026-08-28,2678
SN,2023-07-31,2026-08-28,770
SNA,2016-01-04,2026-08-28,2674
SNAP,2017-03-02,2026-08-28,2386
SNDK,2025-02-13,2026-08-28,386
SNN,2016-01-04,2026-08-28,2675
SNOW,2020-09-16,2026-08-28,1494
SNPS,2016-01-04,2026-08-28,2674
SNX,2016-01-04,2026-08-28,2678
SNY,2016-01-04,2026-08-28,2628
SO,2016-01-04,2026-08-28,2674
SOFI,2021-01-04,2026-08-28,1419
SOLV,2024-03-26,2026-08-28,604
SONY,2016-01-04,2026-08-28,2628
SOUN,2022-04-28,2026-08-28,1087
SOXL,2016-01-04,2026-05-18,2608
SOXS,2016-01-04,2026-05-18,2608
SPCX,2026-06-12,2026-08-28,53
SPG,2016-01-04,2026-08-28,2616
SPG-PJ,2016-01-04,2026-08-28,2679
SPG.1,2016-01-04,2026-01-23,2529
SPGI,2016-01-04,2026-08-28,2674
SPOT,2026-01-26,2026-08-28,87
SPXC,2016-01-04,2026-08-28,2678
SPXS,2016-01-04,2026-05-18,2608
SPY,2016-01-04,2026-05-18,2608
SQM,2016-01-04,2026-08-28,2678
SQQQ,2016-01-04,2026-05-18,2608
SRE,2016-01-04,2026-08-28,2674
SSB,2016-01-04,2026-08-28,2675
SSNC,2016-01-04,2026-08-28,2678
STE,2016-01-04,2026-08-28,2674
STLA,2016-01-04,2026-08-28,2678
STLD,2016-01-04,2026-08-28,2674
STM,2016-01-04,2026-08-28,2677
STRL,2016-01-04,2026-08-28,2678
STT,2016-01-04,2026-08-28,2674
STT-PG,2016-04-06,2026-08-28,2614
STUB,2025-09-17,2026-08-28,238
STX,2016-01-04,2026-08-28,2674
STZ,2016-01-04,2026-08-28,2674
SU,2016-01-04,2026-08-28,2678
SUI,2016-01-04,2026-08-28,2678
SUN,2016-01-04,2026-08-28,2678
SUNB,2026-03-02,2026-08-28,125
SUPV,2016-05-19,2026-05-18,2513
SUZ,2016-01-04,2026-08-28,2675
SW,2016-01-04,2026-08-28,2674
SWK,2016-01-04,2026-08-28,2674
SWKS,2016-01-04,2026-08-28,2674
SYF,2016-01-04,2026-08-28,2674
SYK,2016-01-04,2026-08-28,2674
SYY,2016-01-04,2026-08-28,2674
SZU,2016-01-04,2017-12-28,452
T,2016-01-04,2026-08-28,2674
TAK,2016-01-04,2026-08-28,2678
TAP,2016-01-04,2026-08-17,2666
TCOM,2016-01-04,2026-08-28,2678
TD,2016-01-04,2026-08-28,2678
TDG,2016-01-04,2026-08-28,2674
TDY,2016-01-04,2026-08-28,2674
TEAM,2016-01-04,2026-08-28,2678
TECH,2016-01-04,2026-08-28,2674
TECK,2016-01-04,2026-08-28,2675
TEF,2016-01-04,2026-01-23,2529
TEG,2016-01-04,2022-03-02,1544
TEL,2016-01-04,2026-08-28,2674
TER,2016-01-04,2026-08-28,2674
TEVA,2016-01-04,2026-08-28,2676
TFC,2016-01-04,2026-08-28,2674
TFII,2016-01-04,2026-08-28,2678
TFX,2016-01-04,2026-06-04,2620
TGB,2016-01-04,2026-08-28,2678
TGT,2016-01-04,2026-08-28,2674
THC,2016-01-04,2026-08-28,2678
TIGO,2019-01-09,2026-08-28,1919
TJX,2016-01-04,2026-08-28,2674
TKO,2016-01-04,2026-08-28,2674
TLK,2016-01-04,2026-08-28,2678
TLN,2023-06-02,2026-08-28,809
TLT,2016-01-04,2026-05-18,2608
TLX,2024-11-14,2026-05-18,376
TM,2016-01-04,2026-08-28,2675
TME,2018-12-12,2026-08-28,1935
TMO,2016-01-04,2026-08-28,2674
TMUS,2016-01-04,2026-08-28,2674
TOL,2016-01-04,2026-08-28,2678
TOST,2021-09-22,2026-08-28,1238
TPL,2016-01-04,2026-08-28,2674
TPR,2016-01-04,2026-08-28,2674
TQQQ,2016-01-04,2026-05-18,2608
TRGP,2016-01-04,2026-08-28,2674
TRI,2016-01-04,2026-08-28,2676
TRMB,2016-01-04,2026-08-28,2674
TROW,2016-01-04,2026-08-28,2674
TRP,2016-01-04,2026-08-28,2678
TRU,2026-01-26,2026-08-28,87
TRV,2016-01-04,2026-08-28,2674
TS,2016-01-04,2026-08-28,2675
TSCO,2016-01-04,2026-08-28,2674
TSEM,2016-01-04,2026-08-28,2678
TSLA,2016-01-04,2026-08-28,2674
TSLL,2022-08-09,2026-05-18,947
TSLQ,2022-07-14,2026-05-18,965
TSLZ,2023-10-19,2026-05-18,646
TSM,2016-01-04,2026-08-28,2678
TSN,2016-01-04,2026-08-28,2674
TT,2016-01-04,2026-08-28,2674
TTD,2016-09-21,2026-08-28,2497
TTE,2016-01-04,2026-08-28,2678
TTMI,2016-01-04,2026-08-28,2678
TTWO,2016-01-04,2026-08-28,2674
TU,2016-01-04,2026-08-28,2678
TW,2019-04-04,2026-08-28,1857
TWLO,2016-06-23,2026-08-28,2559
TX,2016-01-04,2026-08-28,2675
TXN,2016-01-04,2026-08-28,2674
TXRH,2016-01-04,2026-08-28,2678
TXT,2016-01-04,2026-08-28,2674
TYL,2016-01-04,2026-08-28,2674
U,2020-09-18,2026-08-28,1492
UAA,2016-01-04,2026-08-28,2678
UAL,2016-01-04,2026-08-28,2674
UBER,2019-05-10,2026-08-28,1831
UBS,2016-01-04,2026-08-28,2675
UDR,2016-01-04,2026-08-28,2674
UHAL,2016-01-04,2026-08-28,2678
UHAL-B,2022-11-10,2026-08-28,952
UHS,2016-01-04,2026-08-17,2666
UI,2016-01-04,2026-08-28,2678
UL,2016-01-04,2026-08-28,2628
ULS,2024-04-12,2026-08-28,593
ULTA,2016-01-04,2026-08-28,2674
UMBF,2016-01-04,2026-08-28,2675
UMC,2016-01-04,2026-08-28,2678
UMI,2017-11-30,2026-05-18,2126
UNH,2016-01-04,2026-08-28,2674
UNI,2016-01-04,2022-03-02,1547
UNM,2016-01-04,2026-08-28,2678
UNP,2016-01-04,2026-08-28,2674
UPS,2016-01-04,2026-08-28,2674
URI,2016-01-04,2026-08-28,2674
USAR,2023-07-17,2026-08-28,783
USB,2016-01-04,2026-08-28,2674
USB-PH,2016-01-04,2026-08-28,2677
USB-PP,2018-08-08,2026-08-28,2025
USFD,2016-05-26,2026-08-28,2578
UTHR,2016-01-04,2026-08-28,2676
UWMC,2020-05-01,2026-08-28,1589
V,2016-01-04,2026-08-28,2674
VALE,2016-01-04,2026-08-28,2678
VEEV,2026-01-26,2026-08-28,87
VG,2025-01-24,2026-08-28,400
VIAV,2016-01-04,2026-08-28,2678
VICI,2018-01-02,2026-08-28,2171
VICR,2016-01-04,2026-08-28,2678
VIK,2024-05-01,2026-08-28,583
VISN,2016-01-04,2026-08-28,2676
VIV,2016-01-04,2026-08-28,2678
VLO,2016-01-04,2026-08-28,2674
VLTO,2023-10-04,2026-08-28,723
VMC,2016-01-04,2026-08-28,2674
VNA,2016-01-04,2018-02-28,487
VNOM,2016-01-04,2026-08-28,2678
VOD,2016-01-04,2026-08-28,2678
VOW,2016-01-27,2017-03-13,123
VRSK,2016-01-04,2026-08-28,2674
VRSN,2016-01-04,2026-08-28,2674
VRT,2018-08-02,2026-08-28,2028
VRTX,2016-01-04,2026-08-28,2674
VSAT,2016-01-04,2026-08-28,2678
VST,2016-10-05,2026-08-28,2483
VTR,2016-01-04,2026-08-28,2674
VTRS,2016-01-04,2026-08-28,2674
VZ,2016-01-04,2026-08-28,2674
W,2016-01-04,2026-08-28,2678
WAB,2016-01-04,2026-08-28,2674
WAT,2016-01-04,2026-08-28,2674
WBD,2016-01-04,2026-08-28,2674
WBS,2016-01-04,2026-08-19,2671
WCC,2016-01-04,2026-08-28,2678
WCN,2016-01-04,2026-08-28,2675
WDAY,2016-01-04,2026-08-28,2674
WDC,2016-01-04,2026-08-28,2674
WDS,2016-01-04,2026-08-28,2678
WEC,2016-01-04,2026-08-28,2674
WELL,2016-01-04,2026-08-28,2674
WES,2016-01-04,2026-08-28,2678
WF,2016-01-04,2026-08-28,2678
WFC,2016-01-04,2026-08-28,2674
WFC-PC,2021-01-26,2026-08-28,1405
WFC-PL,2016-01-04,2026-08-28,2679
WFC-PY,2017-04-19,2026-08-28,2354
WIT,2016-01-04,2026-08-28,2678
WM,2016-01-04,2026-08-28,2674
WMB,2016-01-04,2026-08-28,2674
WMG,2020-06-03,2026-08-28,1567
WMS,2016-01-04,2026-08-28,2675
WMT,2016-01-04,2026-08-28,2674
WPC,2016-01-04,2026-08-28,2675
WPM,2016-01-04,2026-08-28,2676
WPP,2026-01-26,2026-05-18,79
WRB,2016-01-04,2026-08-28,2674
WSC,2016-01-04,2026-08-28,2678
WSE,2026-05-11,2026-08-28,73
WSM,2016-01-04,2026-08-28,2674
WSO,2016-01-04,2026-08-28,2678
WSO-B,2016-01-04,2026-08-26,2670
WST,2016-01-04,2026-08-28,2674
WTFC,2016-01-04,2026-08-28,2678
WTRG,2026-01-26,2026-08-28,87
WTS,2016-01-04,2026-08-28,2678
WTW,2016-01-04,2026-08-28,2674
WU,2016-01-04,2026-08-28,2678
WULF,2016-01-04,2026-08-28,2678
WWD,2016-01-04,2026-08-28,2678
WY,2016-01-04,2026-08-28,2674
WYNN,2016-01-04,2026-08-28,2674
XEL,2016-01-04,2026-08-28,2616
XLF,2016-01-04,2026-05-18,2608
XOM,2016-01-04,2026-08-28,2674
XPEV,2020-08-27,2026-08-28,1507
XPO,2026-01-26,2026-08-28,87
XRAY,2016-01-04,2026-08-28,2678
XYL,2016-01-04,2026-08-28,2616
XYZ,2016-01-04,2026-08-28,2678
YPF,2016-01-04,2026-08-28,2616
YUM,2016-01-04,2026-08-28,2616
YUMC,2016-10-17,2026-08-28,2479
ZAL,2016-01-27,2017-09-08,117
ZBH,2016-01-04,2026-08-28,2616
ZBRA,2016-01-04,2026-08-28,2616
ZETA,2021-06-10,2026-08-28,1310
ZION,2016-01-04,2026-08-28,2678
ZM,2019-04-18,2026-08-28,1850
ZS,2026-01-26,2026-08-28,87
ZTO,2016-10-27,2026-08-28,2471
ZTS,2016-01-04,2026-08-28,2616
